-- phpMyAdmin SQL Dump
-- version 5.1.0
-- https://www.phpmyadmin.net/
--
-- Host: mysql-server
-- Waktu pembuatan: 17 Bulan Mei 2021 pada 13.21
-- Versi server: 8.0.23
-- Versi PHP: 7.4.16

SET SQL_MODE = "NO_AUTO_VALUE_ON_ZERO";
START TRANSACTION;
SET time_zone = "+00:00";


/*!40101 SET @OLD_CHARACTER_SET_CLIENT=@@CHARACTER_SET_CLIENT */;
/*!40101 SET @OLD_CHARACTER_SET_RESULTS=@@CHARACTER_SET_RESULTS */;
/*!40101 SET @OLD_COLLATION_CONNECTION=@@COLLATION_CONNECTION */;
/*!40101 SET NAMES utf8mb4 */;

--
-- Database: `inventaris-jks`
--

-- --------------------------------------------------------

--
-- Struktur dari tabel `barang`
--

CREATE TABLE `barang` (
  `id_barang` int NOT NULL,
  `nama_barang` varchar(255) CHARACTER SET latin1 COLLATE latin1_swedish_ci NOT NULL,
  `merk_barang` varchar(100) NOT NULL,
  `stok` int NOT NULL,
  `satuan` varchar(20) DEFAULT NULL,
  `keterangan` text CHARACTER SET latin1 COLLATE latin1_swedish_ci,
  `total_masuk` int NOT NULL,
  `total_keluar` int NOT NULL
) ENGINE=InnoDB DEFAULT CHARSET=latin1;

--
-- Dumping data untuk tabel `barang`
--

INSERT INTO `barang` (`id_barang`, `nama_barang`, `merk_barang`, `stok`, `satuan`, `keterangan`, `total_masuk`, `total_keluar`) VALUES
(2032, 'Connector RJ45', 'Belden', 100, 'Pcs', NULL, 100, 0),
(2033, 'Cable Patch Cord FO', 'SC - SC', 5, 'Pcs', NULL, 0, 0),
(2034, 'Cable Patch Cord FO', 'SC - ST', 4, 'Pcs', NULL, 0, 0),
(2035, 'Cable Patch Cord FO', 'ST - LC', 2, 'Pcs', NULL, 0, 0),
(2036, 'Cable Patch Cord FO', 'ST - ST', 2, 'Pcs', NULL, 0, 0),
(2037, 'Cable Patch Cord FO', 'SC - LC', 4, 'Pcs', NULL, 10, 8),
(2038, 'Kabel UTP', 'Commscope Ca', 0, 'Roll', NULL, 0, 0),
(2039, 'Kabel Fiber Optic', '2 Core 1 Seling', 0, 'Meter', NULL, 0, 0),
(2040, 'SFP', 'Ericson', 2, 'Pcs', NULL, 0, 2),
(2041, 'SFP', 'Cisco', 0, 'Pcs', NULL, 4, 4),
(2042, 'SFP', 'Huawei', 4, 'Pcs', NULL, 0, 0),
(2043, 'Grid Antena', 'Ubiquity M5', 18, 'Pcs', NULL, 0, 0),
(2044, 'Horn', 'Ubiquity M5', 9, 'Pcs', NULL, 0, 0),
(2045, 'L Grid Radio', 'Ubiquity M5', 3, 'Pcs', '2 lengkap dan 1 tidak lengkap', 0, 0),
(2046, 'Fast Connector FO', 'Fast Connector SC', 3, 'Pcs', '-', 0, 0),
(2047, 'Sambungan FO', 'SC - SC', 26, 'Pcs', '', 0, 4),
(2048, 'UPS', 'TOPAZ 700 WATT', 0, 'Unit', NULL, 0, 0),
(2049, 'AKI', 'Yuasa 12V-32A', 0, 'Unit', NULL, 0, 0),
(2050, 'AKI', 'Yuasa 12V-50A', 0, 'Unit', NULL, 0, 0),
(2051, 'CCTV Indoor', 'Hikvision', 2, 'Pcs', NULL, 6, 4),
(2052, 'CCTV Outdoor', 'Hikvision', 1, 'Pcs', NULL, 5, 4),
(2053, 'Kabel CCTV', 'MMP', 0, 'Roll', NULL, 2, 2),
(2054, 'Adaptor CCTV', '12 V', 5, 'Pcs', NULL, 5, 0),
(2055, 'Jack DC CCTV', '-', 0, 'Pcs', NULL, 0, 0),
(2056, 'Connector BNC CCTV', 'BNC', 10, 'Pcs', NULL, 10, 0),
(2057, 'OTB', '4 Core', 1, 'Pcs', NULL, 2, 1),
(2058, 'Server', 'Rack Server TMC 11H', 1, 'Unit', 'rusak rectifier', 0, 0),
(2059, 'Dudukan Server', 'Dudukan Rack Server', 1, 'Unit', '', 0, 0),
(2060, 'Switch', '-', 0, 'Unit', NULL, 0, 0),
(2061, 'ODP FO', 'Fiber Optic', 0, 'Unit', NULL, 0, 0),
(2062, 'Roset', 'Fiber Optic', 0, 'Pcs', NULL, 0, 0),
(2064, 'Pigtail FO', 'FO', 0, 'Pcs', NULL, 0, 0),
(2065, 'Wire Tracker', '-', 1, 'Pcs', NULL, 1, 0),
(2066, 'Sok Pipa', '-', 0, 'Pcs', NULL, 0, 0),
(2067, 'L Pipa', '-', 0, 'Pcs', NULL, 0, 0),
(2068, 'Klem Pipa', '-', 0, 'Pcs', NULL, 0, 0),
(2069, 'Connector DC Female', '-', 0, 'Pcs', NULL, 8, 8),
(2070, 'Connector DC Male', '-', 0, 'Pcs', NULL, 8, 8),
(2071, 'UPS', 'UPS 602B', 1, 'Unit', NULL, 1, 0),
(2072, 'Access Point', 'Ubiquity NSM2', 0, 'Pcs', NULL, 2, 2),
(2073, 'Media Converter', 'tp-link', 2, 'Pcs', NULL, 0, 0),
(2074, 'Router', 'Mikrotik RB750r2', 1, 'Pcs', NULL, 0, 0);

-- --------------------------------------------------------

--
-- Struktur dari tabel `barang_keluar`
--

CREATE TABLE `barang_keluar` (
  `id_barang_keluar` int NOT NULL,
  `id_penerima` int NOT NULL,
  `id_barang` int NOT NULL,
  `jumlah_keluar` int NOT NULL,
  `tgl_keluar` date NOT NULL,
  `keterangan_keluar` varchar(255) CHARACTER SET latin1 COLLATE latin1_swedish_ci NOT NULL
) ENGINE=InnoDB DEFAULT CHARSET=latin1;

--
-- Dumping data untuk tabel `barang_keluar`
--

INSERT INTO `barang_keluar` (`id_barang_keluar`, `id_penerima`, `id_barang`, `jumlah_keluar`, `tgl_keluar`, `keterangan_keluar`) VALUES
(12, 36, 2037, 4, '2021-03-29', 'masing\" 2 disisi Shelter XL dan Pelanggan'),
(13, 36, 2041, 1, '2021-03-29', 'disisi Shelter XL'),
(14, 36, 2040, 1, '2021-03-29', 'Disisi Pelanggan'),
(15, 36, 2057, 1, '2021-03-29', 'disisi Shelter XL'),
(16, 37, 2037, 4, '2021-03-29', 'Masing\" 2 di shelter XL dan  Pelanggan'),
(17, 37, 2041, 2, '2021-03-29', 'Masing\" 1 disisi Shelter XL dan Pelanggan'),
(19, 38, 2053, 2, '2021-03-29', '1 stok di mess trawangan dan 1 dari kantor mataram'),
(20, 38, 2052, 4, '2021-03-29', ''),
(21, 38, 2051, 4, '2021-03-29', ''),
(22, 39, 2072, 2, '2021-04-12', 'Penambahan Titik AP di Villa 7 dan Villa Baru'),
(23, 38, 2069, 8, '2021-04-29', 'Barang perbaikan CCTV di TDC'),
(24, 38, 2070, 8, '2021-03-29', 'Barang perbaikan CCTV di TDC'),
(25, 37, 2047, 4, '2021-03-29', 'Masing\" 2 di shelter XL dan Pelanggan'),
(26, 40, 2041, 1, '2021-04-17', 'Link baru Kominfo - disisi POP Selong'),
(27, 40, 2040, 1, '2021-04-17', 'link baru kominfo - pemasangan disisi Sheter XL');

-- --------------------------------------------------------

--
-- Struktur dari tabel `barang_masuk`
--

CREATE TABLE `barang_masuk` (
  `id_barang_masuk` int NOT NULL,
  `id_pemberi` int NOT NULL,
  `id_barang` int NOT NULL,
  `jumlah` int NOT NULL,
  `tgl_masuk` date NOT NULL,
  `keterangan_masuk` varchar(255) CHARACTER SET latin1 COLLATE latin1_swedish_ci NOT NULL
) ENGINE=InnoDB DEFAULT CHARSET=latin1;

--
-- Dumping data untuk tabel `barang_masuk`
--

INSERT INTO `barang_masuk` (`id_barang_masuk`, `id_pemberi`, `id_barang`, `jumlah`, `tgl_masuk`, `keterangan_masuk`) VALUES
(210, 12, 2056, 10, '2020-07-10', ''),
(211, 12, 2051, 2, '2020-07-10', ''),
(212, 12, 2052, 1, '2020-07-10', ''),
(213, 12, 2053, 1, '2020-07-10', ''),
(214, 12, 2054, 5, '2020-07-10', ''),
(215, 12, 2041, 4, '2021-03-22', ''),
(216, 12, 2051, 4, '2021-05-25', 'Barang perbaikan CCTV di TDC'),
(217, 12, 2052, 4, '2021-03-25', 'Barang perbaikan CCTV di TDC'),
(218, 12, 2069, 4, '2021-03-25', 'Barang perbaikan CCTV di TDC'),
(219, 12, 2070, 4, '2021-03-25', 'Barang perbaikan CCTV di TDC'),
(220, 12, 2053, 1, '2021-03-25', 'Barang perbaikan CCTV di TDC'),
(221, 12, 2037, 10, '2021-03-25', ''),
(222, 12, 2057, 2, '2021-03-25', ''),
(223, 12, 2065, 1, '2021-03-26', ''),
(224, 12, 2071, 1, '2021-03-31', 'UPS Dari Trawangan'),
(225, 12, 2072, 2, '2021-04-10', 'Barang Gili Eco'),
(226, 12, 2032, 100, '2021-04-10', 'Terdapat 2 Bungkus (1 Bungkus isi 50Pcs)');

-- --------------------------------------------------------

--
-- Struktur dari tabel `daerah`
--

CREATE TABLE `daerah` (
  `id` varchar(13) NOT NULL,
  `nama` varchar(100) DEFAULT NULL,
  `level` int NOT NULL,
  `path` varchar(150) DEFAULT NULL,
  `berlaku` tinyint(1) DEFAULT '1',
  `tahun` int NOT NULL
) ENGINE=InnoDB DEFAULT CHARSET=utf8;

--
-- Dumping data untuk tabel `daerah`
--

INSERT INTO `daerah` (`id`, `nama`, `level`, `path`, `berlaku`, `tahun`) VALUES
('52.00.00.0000', 'NUSA TENGGARA BARAT', 1, NULL, 1, 2018),
('52.01.00.0000', 'KAB. LOMBOK BARAT', 2, NULL, 1, 2018),
('52.01.01.0000', 'Gerung', 3, NULL, 1, 2018),
('52.01.01.1001', 'Gerung Utara', 4, NULL, 1, 2018),
('52.01.01.1004', 'Dasan Geres', 4, NULL, 1, 2018),
('52.01.01.1011', 'Gerung Selatan', 4, NULL, 1, 2018),
('52.01.01.2002', 'Kebon Ayu', 4, NULL, 1, 2018),
('52.01.01.2003', 'Gapuk', 4, NULL, 1, 2018),
('52.01.01.2005', 'Suka Makmur', 4, NULL, 1, 2018),
('52.01.01.2006', 'Banyu Urip', 4, NULL, 1, 2018),
('52.01.01.2007', 'Babussalam', 4, NULL, 1, 2018),
('52.01.01.2008', 'Dasan Tapen', 4, NULL, 1, 2018),
('52.01.01.2009', 'Beleke', 4, NULL, 1, 2018),
('52.01.01.2010', 'Tempos', 4, NULL, 1, 2018),
('52.01.01.2012', 'Mesanggok', 4, NULL, 1, 2018),
('52.01.01.2013', 'Taman Ayu', 4, NULL, 1, 2018),
('52.01.01.2014', 'Giri Tembesi', 4, NULL, 1, 2018),
('52.01.02.0000', 'Kediri', 3, NULL, 1, 2018),
('52.01.02.2001', 'Kediri', 4, NULL, 1, 2018),
('52.01.02.2002', 'Montong Are', 4, NULL, 1, 2018),
('52.01.02.2003', 'Jagaraga Indah', 4, NULL, 1, 2018),
('52.01.02.2004', 'Gelogor', 4, NULL, 1, 2018),
('52.01.02.2005', 'Rumak', 4, NULL, 1, 2018),
('52.01.02.2006', 'Banyumulek', 4, NULL, 1, 2018),
('52.01.02.2007', 'Ombe Baru', 4, NULL, 1, 2018),
('52.01.02.2008', 'Dasan Baru', 4, NULL, 1, 2018),
('52.01.02.2009', 'Kediri Selatan', 4, NULL, 1, 2018),
('52.01.02.2010', 'Lelede', 4, NULL, 1, 2018),
('52.01.03.0000', 'Narmada', 3, NULL, 1, 2018),
('52.01.03.2001', 'Lembuak', 4, NULL, 1, 2018),
('52.01.03.2002', 'Nyur Lembang', 4, NULL, 1, 2018),
('52.01.03.2003', 'Peresak', 4, NULL, 1, 2018),
('52.01.03.2004', 'Keru', 4, NULL, 1, 2018),
('52.01.03.2005', 'Batu Kuta', 4, NULL, 1, 2018),
('52.01.03.2006', 'Tanak Beak', 4, NULL, 1, 2018),
('52.01.03.2007', 'Sedau', 4, NULL, 1, 2018),
('52.01.03.2008', 'Suranadi', 4, NULL, 1, 2018),
('52.01.03.2009', 'Selat', 4, NULL, 1, 2018),
('52.01.03.2010', 'Lebah Sempage', 4, NULL, 1, 2018),
('52.01.03.2011', 'Sesaot', 4, NULL, 1, 2018),
('52.01.03.2012', 'Dasan Tereng', 4, NULL, 1, 2018),
('52.01.03.2013', 'Badrain', 4, NULL, 1, 2018),
('52.01.03.2014', 'Sembung', 4, NULL, 1, 2018),
('52.01.03.2015', 'Kramat Jaya', 4, NULL, 1, 2018),
('52.01.03.2016', 'Grimax Indah', 4, NULL, 1, 2018),
('52.01.03.2017', 'Pakuan', 4, NULL, 1, 2018),
('52.01.03.2018', 'Golong', 4, NULL, 1, 2018),
('52.01.03.2019', 'Mekarsari', 4, NULL, 1, 2018),
('52.01.03.2020', 'Buwun Sejati', 4, NULL, 1, 2018),
('52.01.03.2021', 'Narmada', 4, NULL, 1, 2018),
('52.01.07.0000', 'Sekotong', 3, NULL, 1, 2018),
('52.01.07.2001', 'Sekotong Tengah', 4, NULL, 1, 2018),
('52.01.07.2002', 'Sekotong Barat', 4, NULL, 1, 2018),
('52.01.07.2003', 'Pelangan', 4, NULL, 1, 2018),
('52.01.07.2004', 'Buwun Mas', 4, NULL, 1, 2018),
('52.01.07.2005', 'Kedaro', 4, NULL, 1, 2018),
('52.01.07.2006', 'Batu Putih', 4, NULL, 1, 2018),
('52.01.07.2007', 'Gili Gede Indah', 4, NULL, 1, 2018),
('52.01.07.2008', 'Cendi Manik', 4, NULL, 1, 2018),
('52.01.07.2009', 'Taman Baru', 4, NULL, 1, 2018),
('52.01.08.0000', 'Labuapi', 3, NULL, 1, 2018),
('52.01.08.2001', 'Bengkel', 4, NULL, 1, 2018),
('52.01.08.2002', 'Merembu', 4, NULL, 1, 2018),
('52.01.08.2003', 'Bagik Polak', 4, NULL, 1, 2018),
('52.01.08.2004', 'Telagawaru', 4, NULL, 1, 2018),
('52.01.08.2005', 'Perampuan', 4, NULL, 1, 2018),
('52.01.08.2006', 'Bajur', 4, NULL, 1, 2018),
('52.01.08.2007', 'Terong Tawah', 4, NULL, 1, 2018),
('52.01.08.2008', 'Kuranji', 4, NULL, 1, 2018),
('52.01.08.2009', 'Karang Bongkot', 4, NULL, 1, 2018),
('52.01.08.2010', 'Labuapi', 4, NULL, 1, 2018),
('52.01.08.2011', 'Bagik Polak Barat', 4, NULL, 1, 2018),
('52.01.08.2012', 'Kuranji Dalang', 4, NULL, 1, 2018),
('52.01.09.0000', 'Gunungsari', 3, NULL, 1, 2018),
('52.01.09.2001', 'Gunungsari', 4, NULL, 1, 2018),
('52.01.09.2002', 'Midang', 4, NULL, 1, 2018),
('52.01.09.2003', 'Sesele', 4, NULL, 1, 2018),
('52.01.09.2004', 'Kekait', 4, NULL, 1, 2018),
('52.01.09.2005', 'Kekeri', 4, NULL, 1, 2018),
('52.01.09.2006', 'Mambalan', 4, NULL, 1, 2018),
('52.01.09.2007', 'Dopang', 4, NULL, 1, 2018),
('52.01.09.2008', 'Penimbung', 4, NULL, 1, 2018),
('52.01.09.2009', 'Taman Sari', 4, NULL, 1, 2018),
('52.01.09.2010', 'Jatisela', 4, NULL, 1, 2018),
('52.01.09.2011', 'Guntur Macan', 4, NULL, 1, 2018),
('52.01.09.2012', 'Mekar Sari', 4, NULL, 1, 2018),
('52.01.09.2013', 'Ranjok', 4, NULL, 1, 2018),
('52.01.09.2014', 'Gelangsar', 4, NULL, 1, 2018),
('52.01.09.2015', 'Jeringo', 4, NULL, 1, 2018),
('52.01.09.2016', 'Bukittinggi', 4, NULL, 1, 2018),
('52.01.12.0000', 'Lingsar', 3, NULL, 1, 2018),
('52.01.12.2001', 'Lingsar', 4, NULL, 1, 2018),
('52.01.12.2002', 'Batu Kumbang', 4, NULL, 1, 2018),
('52.01.12.2003', 'Sigerongan', 4, NULL, 1, 2018),
('52.01.12.2004', 'Duman', 4, NULL, 1, 2018),
('52.01.12.2005', 'Karang Bayan', 4, NULL, 1, 2018),
('52.01.12.2006', 'Langko', 4, NULL, 1, 2018),
('52.01.12.2007', 'Dasan Geria', 4, NULL, 1, 2018),
('52.01.12.2008', 'Peteluan Indah', 4, NULL, 1, 2018),
('52.01.12.2009', 'Gegerung', 4, NULL, 1, 2018),
('52.01.12.2010', 'Batu Mekar', 4, NULL, 1, 2018),
('52.01.12.2011', 'Giri Madia', 4, NULL, 1, 2018),
('52.01.12.2012', 'Bug-Bug', 4, NULL, 1, 2018),
('52.01.12.2013', 'Gegelang', 4, NULL, 1, 2018),
('52.01.12.2014', 'Saribaye', 4, NULL, 1, 2018),
('52.01.12.2015', 'Gontoran', 4, NULL, 1, 2018),
('52.01.13.0000', 'Lembar', 3, NULL, 1, 2018),
('52.01.13.2001', 'Lembar', 4, NULL, 1, 2018),
('52.01.13.2002', 'Jembatan Kembar', 4, NULL, 1, 2018),
('52.01.13.2003', 'Mareje', 4, NULL, 1, 2018),
('52.01.13.2004', 'Sekotong Timur', 4, NULL, 1, 2018),
('52.01.13.2005', 'Labuan Tereng', 4, NULL, 1, 2018),
('52.01.13.2006', 'Jembatan Gantung', 4, NULL, 1, 2018),
('52.01.13.2007', 'Lembar Selatan', 4, NULL, 1, 2018),
('52.01.13.2008', 'Mareje Timur', 4, NULL, 1, 2018),
('52.01.13.2009', 'Jembatan Kembar Timur', 4, NULL, 1, 2018),
('52.01.13.2010', 'Eyat Mayang', 4, NULL, 1, 2018),
('52.01.14.0000', 'Batu Layar', 3, NULL, 1, 2018),
('52.01.14.2001', 'Batulayar', 4, NULL, 1, 2018),
('52.01.14.2002', 'Meninting', 4, NULL, 1, 2018),
('52.01.14.2003', 'Sandik', 4, NULL, 1, 2018),
('52.01.14.2004', 'Lembah Sari', 4, NULL, 1, 2018),
('52.01.14.2005', 'Senteluk', 4, NULL, 1, 2018),
('52.01.14.2006', 'Senggigi', 4, NULL, 1, 2018),
('52.01.14.2007', 'Bengkaung', 4, NULL, 1, 2018),
('52.01.14.2008', 'Pusuk Lestari', 4, NULL, 1, 2018),
('52.01.14.2009', 'Batu Layar Barat', 4, NULL, 1, 2018),
('52.01.15.0000', 'Kuripan', 3, NULL, 1, 2018),
('52.01.15.2001', 'Kuripan', 4, NULL, 1, 2018),
('52.01.15.2002', 'Jagaraga', 4, NULL, 1, 2018),
('52.01.15.2003', 'Kuripan Utara', 4, NULL, 1, 2018),
('52.01.15.2004', 'Kuripan Selatan', 4, NULL, 1, 2018),
('52.01.15.2005', 'Kuripan Timur', 4, NULL, 1, 2018),
('52.01.15.2006', 'Giri Sasak', 4, NULL, 1, 2018),
('52.02.00.0000', 'KAB. LOMBOK TENGAH', 2, NULL, 1, 2018),
('52.02.01.0000', 'Praya', 3, NULL, 1, 2018),
('52.02.01.1001', 'Praya', 4, NULL, 1, 2018),
('52.02.01.1002', 'Leneng', 4, NULL, 1, 2018),
('52.02.01.1003', 'Gerunung', 4, NULL, 1, 2018),
('52.02.01.1004', 'Semayan', 4, NULL, 1, 2018),
('52.02.01.1005', 'Perapen', 4, NULL, 1, 2018),
('52.02.01.1006', 'Tiwugalih', 4, NULL, 1, 2018),
('52.02.01.1007', 'Gonjak', 4, NULL, 1, 2018),
('52.02.01.1008', 'Panji Sari', 4, NULL, 1, 2018),
('52.02.01.1009', 'Renteng', 4, NULL, 1, 2018),
('52.02.01.2010', 'Mertak Tombok', 4, NULL, 1, 2018),
('52.02.01.2011', 'Aik Mual', 4, NULL, 1, 2018),
('52.02.01.2012', 'Montong Terep', 4, NULL, 1, 2018),
('52.02.01.2013', 'Jago', 4, NULL, 1, 2018),
('52.02.01.2014', 'Bunut Baok', 4, NULL, 1, 2018),
('52.02.01.2015', 'Mekar Damai', 4, NULL, 1, 2018),
('52.02.02.0000', 'Jonggat', 3, NULL, 1, 2018),
('52.02.02.2001', 'Barejulat', 4, NULL, 1, 2018),
('52.02.02.2002', 'Ubung', 4, NULL, 1, 2018),
('52.02.02.2003', 'Jelantik', 4, NULL, 1, 2018),
('52.02.02.2004', 'Labulia', 4, NULL, 1, 2018),
('52.02.02.2005', 'Batu Tulis', 4, NULL, 1, 2018),
('52.02.02.2006', 'Perina', 4, NULL, 1, 2018),
('52.02.02.2007', 'Pengenjek', 4, NULL, 1, 2018),
('52.02.02.2008', 'Puyung', 4, NULL, 1, 2018),
('52.02.02.2009', 'Nyerot', 4, NULL, 1, 2018),
('52.02.02.2010', 'Sukarara', 4, NULL, 1, 2018),
('52.02.02.2011', 'Gemel', 4, NULL, 1, 2018),
('52.02.02.2012', 'Bonjeruk', 4, NULL, 1, 2018),
('52.02.02.2013', 'Bunkate', 4, NULL, 1, 2018),
('52.02.03.0000', 'Batukliang', 3, NULL, 1, 2018),
('52.02.03.2001', 'Bujak', 4, NULL, 1, 2018),
('52.02.03.2002', 'Selebung', 4, NULL, 1, 2018),
('52.02.03.2003', 'Peresak', 4, NULL, 1, 2018),
('52.02.03.2004', 'Mantang', 4, NULL, 1, 2018),
('52.02.03.2005', 'Aik Darek', 4, NULL, 1, 2018),
('52.02.03.2006', 'Tampak Siring', 4, NULL, 1, 2018),
('52.02.03.2007', 'Barabali', 4, NULL, 1, 2018),
('52.02.03.2008', 'Beber', 4, NULL, 1, 2018),
('52.02.03.2009', 'Pagutan', 4, NULL, 1, 2018),
('52.02.03.2010', 'Mekar Bersatu', 4, NULL, 1, 2018),
('52.02.04.0000', 'Pujut', 3, NULL, 1, 2018),
('52.02.04.2001', 'Sengkol', 4, NULL, 1, 2018),
('52.02.04.2002', 'Segala Anyar', 4, NULL, 1, 2018),
('52.02.04.2003', 'Sukadana', 4, NULL, 1, 2018),
('52.02.04.2004', 'Teruwai', 4, NULL, 1, 2018),
('52.02.04.2005', 'Pengengat', 4, NULL, 1, 2018),
('52.02.04.2006', 'Kawo', 4, NULL, 1, 2018),
('52.02.04.2007', 'Gapura', 4, NULL, 1, 2018),
('52.02.04.2008', 'Rembitan', 4, NULL, 1, 2018),
('52.02.04.2009', 'Kuta', 4, NULL, 1, 2018),
('52.02.04.2010', 'Pengembur', 4, NULL, 1, 2018),
('52.02.04.2011', 'Tumpak', 4, NULL, 1, 2018),
('52.02.04.2012', 'Mertak', 4, NULL, 1, 2018),
('52.02.04.2013', 'Prabu', 4, NULL, 1, 2018),
('52.02.04.2014', 'Tanak Awu', 4, NULL, 1, 2018),
('52.02.04.2015', 'Ketara', 4, NULL, 1, 2018),
('52.02.04.2016', 'Bangket Parak', 4, NULL, 1, 2018),
('52.02.05.0000', 'Praya Barat', 3, NULL, 1, 2018),
('52.02.05.2001', 'Bonder', 4, NULL, 1, 2018),
('52.02.05.2002', 'Banyu Urip', 4, NULL, 1, 2018),
('52.02.05.2003', 'Mangkung', 4, NULL, 1, 2018),
('52.02.05.2004', 'Kateng', 4, NULL, 1, 2018),
('52.02.05.2005', 'Setanggor', 4, NULL, 1, 2018),
('52.02.05.2006', 'Penujak', 4, NULL, 1, 2018),
('52.02.05.2007', 'Selong Blanak', 4, NULL, 1, 2018),
('52.02.05.2008', 'Mekar Sari', 4, NULL, 1, 2018),
('52.02.05.2009', 'Batujai', 4, NULL, 1, 2018),
('52.02.05.2010', 'Tanak Rarang', 4, NULL, 1, 2018),
('52.02.06.0000', 'Praya Timur', 3, NULL, 1, 2018),
('52.02.06.2001', 'Sukaraja', 4, NULL, 1, 2018),
('52.02.06.2002', 'Beleka', 4, NULL, 1, 2018),
('52.02.06.2003', 'Semoyang', 4, NULL, 1, 2018),
('52.02.06.2004', 'Mujur', 4, NULL, 1, 2018),
('52.02.06.2005', 'Landah', 4, NULL, 1, 2018),
('52.02.06.2006', 'Sengkerang', 4, NULL, 1, 2018),
('52.02.06.2007', 'Bilelando', 4, NULL, 1, 2018),
('52.02.06.2008', 'Ganti', 4, NULL, 1, 2018),
('52.02.06.2009', 'Marong', 4, NULL, 1, 2018),
('52.02.06.2010', 'Kidang', 4, NULL, 1, 2018),
('52.02.07.0000', 'Janapria', 3, NULL, 1, 2018),
('52.02.07.2001', 'Lekor', 4, NULL, 1, 2018),
('52.02.07.2002', 'Langko', 4, NULL, 1, 2018),
('52.02.07.2003', 'Janapria', 4, NULL, 1, 2018),
('52.02.07.2004', 'Loang Maka', 4, NULL, 1, 2018),
('52.02.07.2005', 'Saba', 4, NULL, 1, 2018),
('52.02.07.2006', 'Bakan', 4, NULL, 1, 2018),
('52.02.07.2007', 'Durian', 4, NULL, 1, 2018),
('52.02.07.2008', 'Pendem', 4, NULL, 1, 2018),
('52.02.07.2009', 'Selebung Rembiga', 4, NULL, 1, 2018),
('52.02.07.2010', 'Kerembong', 4, NULL, 1, 2018),
('52.02.07.2011', 'Jango', 4, NULL, 1, 2018),
('52.02.07.2012', 'Setuta', 4, NULL, 1, 2018),
('52.02.08.0000', 'Pringgarata', 3, NULL, 1, 2018),
('52.02.08.2001', 'Pringarata', 4, NULL, 1, 2018),
('52.02.08.2002', 'Sepakek', 4, NULL, 1, 2018),
('52.02.08.2003', 'Murbaya', 4, NULL, 1, 2018),
('52.02.08.2004', 'Bagu', 4, NULL, 1, 2018),
('52.02.08.2005', 'Sintung', 4, NULL, 1, 2018),
('52.02.08.2006', 'Bilebante', 4, NULL, 1, 2018),
('52.02.08.2007', 'Pemepek', 4, NULL, 1, 2018),
('52.02.08.2008', 'Menemeng', 4, NULL, 1, 2018),
('52.02.08.2009', 'Arjangka', 4, NULL, 1, 2018),
('52.02.08.2010', 'Taman Indah', 4, NULL, 1, 2018),
('52.02.08.2011', 'Sisik', 4, NULL, 1, 2018),
('52.02.09.0000', 'Kopang', 3, NULL, 1, 2018),
('52.02.09.2001', 'Lendang Are', 4, NULL, 1, 2018),
('52.02.09.2002', 'Monggas', 4, NULL, 1, 2018),
('52.02.09.2003', 'Muncan', 4, NULL, 1, 2018),
('52.02.09.2004', 'Bebuak', 4, NULL, 1, 2018),
('52.02.09.2005', 'Kopang Rembiga', 4, NULL, 1, 2018),
('52.02.09.2006', 'Dasan Baru', 4, NULL, 1, 2018),
('52.02.09.2007', 'Montong Gamang', 4, NULL, 1, 2018),
('52.02.09.2008', 'Darmaji', 4, NULL, 1, 2018),
('52.02.09.2009', 'Wajageseng', 4, NULL, 1, 2018),
('52.02.09.2010', 'Aik Bual', 4, NULL, 1, 2018),
('52.02.09.2011', 'Semparu', 4, NULL, 1, 2018),
('52.02.10.0000', 'Praya Tengah', 3, NULL, 1, 2018),
('52.02.10.1001', 'Gerantung', 4, NULL, 1, 2018),
('52.02.10.1002', 'Jontlak', 4, NULL, 1, 2018),
('52.02.10.1003', 'Sasake', 4, NULL, 1, 2018),
('52.02.10.2004', 'Jurang Jaler', 4, NULL, 1, 2018),
('52.02.10.2005', 'Beraim', 4, NULL, 1, 2018),
('52.02.10.2006', 'Batunyala', 4, NULL, 1, 2018),
('52.02.10.2007', 'Lajut', 4, NULL, 1, 2018),
('52.02.10.2008', 'Pengadang', 4, NULL, 1, 2018),
('52.02.10.2009', 'Kelebuh', 4, NULL, 1, 2018),
('52.02.10.2010', 'Pejanggik', 4, NULL, 1, 2018),
('52.02.10.2011', 'Dakung', 4, NULL, 1, 2018),
('52.02.10.2012', 'Prai Meke', 4, NULL, 1, 2018),
('52.02.11.0000', 'Praya Barat Daya', 3, NULL, 1, 2018),
('52.02.11.2001', 'Montong Sapah', 4, NULL, 1, 2018),
('52.02.11.2002', 'Ungga', 4, NULL, 1, 2018),
('52.02.11.2003', 'Kabul', 4, NULL, 1, 2018),
('52.02.11.2004', 'Pelambik', 4, NULL, 1, 2018),
('52.02.11.2005', 'Darek', 4, NULL, 1, 2018),
('52.02.11.2006', 'Ranggagata', 4, NULL, 1, 2018),
('52.02.11.2007', 'Pandan Indah', 4, NULL, 1, 2018),
('52.02.11.2008', 'Serage', 4, NULL, 1, 2018),
('52.02.11.2009', 'Montong Ajan', 4, NULL, 1, 2018),
('52.02.11.2010', 'Batu Jangkih', 4, NULL, 1, 2018),
('52.02.11.2011', 'Teduh', 4, NULL, 1, 2018),
('52.02.12.0000', 'Batukliang Utara', 3, NULL, 1, 2018),
('52.02.12.2001', 'Lantan', 4, NULL, 1, 2018),
('52.02.12.2002', 'Setiling', 4, NULL, 1, 2018),
('52.02.12.2003', 'Tanak Beak', 4, NULL, 1, 2018),
('52.02.12.2004', 'Aik Bukaq', 4, NULL, 1, 2018),
('52.02.12.2005', 'Teratak', 4, NULL, 1, 2018),
('52.02.12.2006', 'Aik Berik', 4, NULL, 1, 2018),
('52.02.12.2007', 'Mas-mas', 4, NULL, 1, 2018),
('52.02.12.2008', 'Karang Sidemen', 4, NULL, 1, 2018),
('52.03.00.0000', 'KAB. LOMBOK TIMUR', 2, NULL, 1, 2018),
('52.03.01.0000', 'Keruak', 3, NULL, 1, 2018),
('52.03.01.2001', 'Tanjung Luar', 4, NULL, 1, 2018),
('52.03.01.2002', 'Pijot', 4, NULL, 1, 2018),
('52.03.01.2003', 'Selebung Ketangga', 4, NULL, 1, 2018),
('52.03.01.2004', 'Sepit', 4, NULL, 1, 2018),
('52.03.01.2005', 'Batu Putik', 4, NULL, 1, 2018),
('52.03.01.2006', 'Senyiur', 4, NULL, 1, 2018),
('52.03.01.2007', 'Keruak', 4, NULL, 1, 2018),
('52.03.01.2008', 'Ketapang Raya', 4, NULL, 1, 2018),
('52.03.01.2009', 'Pijot Utara', 4, NULL, 1, 2018),
('52.03.01.2010', 'Dane Rase', 4, NULL, 1, 2018),
('52.03.01.2011', 'Ketangga Jeraeng', 4, NULL, 1, 2018),
('52.03.01.2012', 'Mendana Raya', 4, NULL, 1, 2018),
('52.03.01.2013', 'Setungkep Lingsar', 4, NULL, 1, 2018),
('52.03.01.2014', 'Montong Belae', 4, NULL, 1, 2018),
('52.03.01.2015', 'Pulau Maringkik', 4, NULL, 1, 2018),
('52.03.02.0000', 'Sakra', 3, NULL, 1, 2018),
('52.03.02.2001', 'Suwangi', 4, NULL, 1, 2018),
('52.03.02.2002', 'Sakra', 4, NULL, 1, 2018),
('52.03.02.2003', 'Kabar', 4, NULL, 1, 2018),
('52.03.02.2004', 'Rumbuk', 4, NULL, 1, 2018),
('52.03.02.2005', 'Keselet', 4, NULL, 1, 2018),
('52.03.02.2006', 'Sakra Selatan', 4, NULL, 1, 2018),
('52.03.02.2007', 'Rumbuk Timur', 4, NULL, 1, 2018),
('52.03.02.2008', 'Suwangi Timur', 4, NULL, 1, 2018),
('52.03.02.2009', 'Moyot', 4, NULL, 1, 2018),
('52.03.02.2010', 'Songak', 4, NULL, 1, 2018),
('52.03.02.2011', 'Peresak', 4, NULL, 1, 2018),
('52.03.02.2012', 'Kuang Baru', 4, NULL, 1, 2018),
('52.03.03.0000', 'Terara', 3, NULL, 1, 2018),
('52.03.03.2001', 'Jenggik', 4, NULL, 1, 2018),
('52.03.03.2002', 'Rarang', 4, NULL, 1, 2018),
('52.03.03.2003', 'Suradadi', 4, NULL, 1, 2018),
('52.03.03.2004', 'Santong', 4, NULL, 1, 2018),
('52.03.03.2005', 'Terara', 4, NULL, 1, 2018),
('52.03.03.2006', 'Sukadana', 4, NULL, 1, 2018),
('52.03.03.2007', 'Rarang Selatan', 4, NULL, 1, 2018),
('52.03.03.2008', 'Leming', 4, NULL, 1, 2018),
('52.03.03.2009', 'Lando', 4, NULL, 1, 2018),
('52.03.03.2010', 'Rarang Tengah', 4, NULL, 1, 2018),
('52.03.03.2011', 'Embung Raja', 4, NULL, 1, 2018),
('52.03.03.2012', 'Selagik', 4, NULL, 1, 2018),
('52.03.03.2013', 'Embung Kandong', 4, NULL, 1, 2018),
('52.03.03.2014', 'Kalianyar', 4, NULL, 1, 2018),
('52.03.03.2015', 'Rarang Batas', 4, NULL, 1, 2018),
('52.03.03.2016', 'Pandan Duri', 4, NULL, 1, 2018),
('52.03.04.0000', 'Sikur', 3, NULL, 1, 2018),
('52.03.04.2001', 'Semaya', 4, NULL, 1, 2018),
('52.03.04.2002', 'Sikur', 4, NULL, 1, 2018),
('52.03.04.2003', 'Montong Baan', 4, NULL, 1, 2018),
('52.03.04.2004', 'Loyok', 4, NULL, 1, 2018),
('52.03.04.2005', 'Kota Raja', 4, NULL, 1, 2018),
('52.03.04.2006', 'Tete Batu', 4, NULL, 1, 2018),
('52.03.04.2007', 'Kembang Kuning', 4, NULL, 1, 2018),
('52.03.04.2008', 'Montong Baan Selatan', 4, NULL, 1, 2018),
('52.03.04.2009', 'Gelora', 4, NULL, 1, 2018),
('52.03.04.2010', 'Darmasari', 4, NULL, 1, 2018),
('52.03.04.2011', 'Tetebatu Selatan', 4, NULL, 1, 2018),
('52.03.04.2012', 'Jeruk Manis', 4, NULL, 1, 2018),
('52.03.04.2013', 'Sikur Selatan', 4, NULL, 1, 2018),
('52.03.04.2014', 'Sikur Barat', 4, NULL, 1, 2018),
('52.03.05.0000', 'Masbagik', 3, NULL, 1, 2018),
('52.03.05.2001', 'Kesik', 4, NULL, 1, 2018),
('52.03.05.2002', 'Paokmotong', 4, NULL, 1, 2018),
('52.03.05.2003', 'Masbagik Selatan', 4, NULL, 1, 2018),
('52.03.05.2004', 'Masbagik Timur', 4, NULL, 1, 2018),
('52.03.05.2005', 'Masbagik Utara', 4, NULL, 1, 2018),
('52.03.05.2006', 'Danger', 4, NULL, 1, 2018),
('52.03.05.2007', 'Lendang Nangka', 4, NULL, 1, 2018),
('52.03.05.2008', 'Masbagik Utara Baru', 4, NULL, 1, 2018),
('52.03.05.2009', 'Lendang Nangka Utara', 4, NULL, 1, 2018),
('52.03.05.2010', 'Kumbang', 4, NULL, 1, 2018),
('52.03.06.0000', 'Sukamulia', 3, NULL, 1, 2018),
('52.03.06.2001', 'Setanggor', 4, NULL, 1, 2018),
('52.03.06.2002', 'Jantuk', 4, NULL, 1, 2018),
('52.03.06.2003', 'Padamara', 4, NULL, 1, 2018),
('52.03.06.2004', 'Dasan Lekong', 4, NULL, 1, 2018),
('52.03.06.2005', 'Sukamulia', 4, NULL, 1, 2018),
('52.03.06.2006', 'Paok Pampang', 4, NULL, 1, 2018),
('52.03.06.2007', 'Sukamulia Timur', 4, NULL, 1, 2018),
('52.03.06.2008', 'Nyiur Tebel', 4, NULL, 1, 2018),
('52.03.06.2009', 'Setanggor Selatan', 4, NULL, 1, 2018),
('52.03.07.0000', 'Selong', 3, NULL, 1, 2018),
('52.03.07.1001', 'Pancor', 4, NULL, 1, 2018),
('52.03.07.1002', 'Selong', 4, NULL, 1, 2018),
('52.03.07.1003', 'Kelayu Selatan', 4, NULL, 1, 2018),
('52.03.07.1004', 'Denggen', 4, NULL, 1, 2018),
('52.03.07.1005', 'Sekarteja', 4, NULL, 1, 2018),
('52.03.07.1006', 'Majidi', 4, NULL, 1, 2018),
('52.03.07.1007', 'Rakam', 4, NULL, 1, 2018),
('52.03.07.1008', 'Sandu Baya', 4, NULL, 1, 2018),
('52.03.07.1009', 'Kembang Sari', 4, NULL, 1, 2018),
('52.03.07.1010', 'Kelayu Utara', 4, NULL, 1, 2018),
('52.03.07.1011', 'Kelaju Jorong', 4, NULL, 1, 2018),
('52.03.07.2012', 'Danggen Timur', 4, NULL, 1, 2018),
('52.03.08.0000', 'Pringgabaya', 3, NULL, 1, 2018),
('52.03.08.2001', 'Bagik Papan', 4, NULL, 1, 2018),
('52.03.08.2002', 'Apit Aik', 4, NULL, 1, 2018),
('52.03.08.2003', 'Kerumut', 4, NULL, 1, 2018),
('52.03.08.2004', 'Pohgading', 4, NULL, 1, 2018),
('52.03.08.2005', 'Batuyang', 4, NULL, 1, 2018),
('52.03.08.2006', 'Pringgabaya', 4, NULL, 1, 2018),
('52.03.08.2007', 'Labuhan Lombok', 4, NULL, 1, 2018),
('52.03.08.2008', 'Pringgabaya Utara', 4, NULL, 1, 2018),
('52.03.08.2009', 'Pohgading Timur', 4, NULL, 1, 2018),
('52.03.08.2010', 'Teko', 4, NULL, 1, 2018),
('52.03.08.2011', 'Anggaraksa', 4, NULL, 1, 2018),
('52.03.08.2012', 'Tanak Gadang', 4, NULL, 1, 2018),
('52.03.08.2013', 'Gunung Malang', 4, NULL, 1, 2018),
('52.03.08.2014', 'Seruni Mumbul', 4, NULL, 1, 2018),
('52.03.08.2015', 'Telaga Waru', 4, NULL, 1, 2018),
('52.03.09.0000', 'Aikmel', 3, NULL, 1, 2018),
('52.03.09.2001', 'Lenek', 4, NULL, 1, 2018),
('52.03.09.2002', 'Aikmel', 4, NULL, 1, 2018),
('52.03.09.2003', 'Kalijaga', 4, NULL, 1, 2018),
('52.03.09.2004', 'Kembang Kerang', 4, NULL, 1, 2018),
('52.03.09.2005', 'Lenek Lauk', 4, NULL, 1, 2018),
('52.03.09.2006', 'Lenek Daya', 4, NULL, 1, 2018),
('52.03.09.2007', 'Aikmel Utara', 4, NULL, 1, 2018),
('52.03.09.2008', 'Kalijaga Timur', 4, NULL, 1, 2018),
('52.03.09.2009', 'Kalijaga Selatan', 4, NULL, 1, 2018),
('52.03.09.2010', 'Aikmel Barat', 4, NULL, 1, 2018),
('52.03.09.2011', 'Kembang Kerang Daya', 4, NULL, 1, 2018),
('52.03.09.2012', 'Lenek Baru', 4, NULL, 1, 2018),
('52.03.09.2013', 'Lenek Pasiraman', 4, NULL, 1, 2018),
('52.03.09.2014', 'Toya', 4, NULL, 1, 2018),
('52.03.09.2015', 'Lenek Kali Bambang', 4, NULL, 1, 2018),
('52.03.09.2016', 'Lenek Ramban Biak', 4, NULL, 1, 2018),
('52.03.09.2017', 'Sukarema', 4, NULL, 1, 2018),
('52.03.09.2018', 'Kalijaga Baru', 4, NULL, 1, 2018),
('52.03.09.2019', 'Kalijaga Tengah', 4, NULL, 1, 2018),
('52.03.09.2020', 'Bagik Nyaka Santri', 4, NULL, 1, 2018),
('52.03.09.2021', 'Aik Prapa', 4, NULL, 1, 2018),
('52.03.09.2022', 'Lenek Duren', 4, NULL, 1, 2018),
('52.03.09.2023', 'Aikmel Timur', 4, NULL, 1, 2018),
('52.03.09.2024', 'Keroya', 4, NULL, 1, 2018),
('52.03.10.0000', 'Sambelia', 3, NULL, 1, 2018),
('52.03.10.2001', 'Obel-obel', 4, NULL, 1, 2018),
('52.03.10.2002', 'Belanting', 4, NULL, 1, 2018),
('52.03.10.2003', 'Sambalia', 4, NULL, 1, 2018),
('52.03.10.2004', 'Labuhan Pandan', 4, NULL, 1, 2018),
('52.03.10.2005', 'Sugian', 4, NULL, 1, 2018),
('52.03.10.2006', 'Darakunci', 4, NULL, 1, 2018),
('52.03.10.2007', 'Bagik Manis', 4, NULL, 1, 2018),
('52.03.10.2008', 'Dadap', 4, NULL, 1, 2018),
('52.03.10.2009', 'Madayin', 4, NULL, 1, 2018),
('52.03.10.2010', 'Senanggalih', 4, NULL, 1, 2018),
('52.03.10.2011', 'Padak Guar', 4, NULL, 1, 2018),
('52.03.11.0000', 'Montong Gading', 3, NULL, 1, 2018),
('52.03.11.2001', 'Pringga Jurang', 4, NULL, 1, 2018),
('52.03.11.2002', 'Montong Betok', 4, NULL, 1, 2018),
('52.03.11.2003', 'Kilang', 4, NULL, 1, 2018),
('52.03.11.2004', 'Perian', 4, NULL, 1, 2018),
('52.03.11.2005', 'Jenggik Utara', 4, NULL, 1, 2018),
('52.03.11.2006', 'Pringgajurang Utara', 4, NULL, 1, 2018),
('52.03.11.2007', 'Pesanggrahan', 4, NULL, 1, 2018),
('52.03.11.2008', 'Lendang Belo', 4, NULL, 1, 2018),
('52.03.12.0000', 'Pringgasela', 3, NULL, 1, 2018),
('52.03.12.2001', 'Rempung', 4, NULL, 1, 2018),
('52.03.12.2002', 'Pringgasela', 4, NULL, 1, 2018),
('52.03.12.2003', 'Jurit', 4, NULL, 1, 2018),
('52.03.12.2004', 'Pengadangan', 4, NULL, 1, 2018),
('52.03.12.2005', 'Aik Dewa', 4, NULL, 1, 2018),
('52.03.12.2006', 'Jurit Baru', 4, NULL, 1, 2018),
('52.03.12.2007', 'Pringgasela Selatan', 4, NULL, 1, 2018),
('52.03.12.2008', 'Pengadangan Barat', 4, NULL, 1, 2018),
('52.03.12.2009', 'Timbanuh', 4, NULL, 1, 2018),
('52.03.12.2010', 'Pringgasela Timur', 4, NULL, 1, 2018),
('52.03.13.0000', 'Suralaga', 3, NULL, 1, 2018),
('52.03.13.2001', 'Anjani', 4, NULL, 1, 2018),
('52.03.13.2002', 'Tebaban', 4, NULL, 1, 2018),
('52.03.13.2003', 'Kerongkong', 4, NULL, 1, 2018),
('52.03.13.2004', 'Bagik Payung', 4, NULL, 1, 2018),
('52.03.13.2005', 'Suralaga', 4, NULL, 1, 2018),
('52.03.13.2006', 'Bagik Payung Selatan', 4, NULL, 1, 2018),
('52.03.13.2007', 'Tumbuh Mulia', 4, NULL, 1, 2018),
('52.03.13.2008', 'Dasan Borok', 4, NULL, 1, 2018),
('52.03.13.2009', 'Gerung Permai', 4, NULL, 1, 2018),
('52.03.13.2010', 'Dames Damai', 4, NULL, 1, 2018),
('52.03.13.2011', 'Bagik Payung Timur', 4, NULL, 1, 2018),
('52.03.13.2012', 'Waringin', 4, NULL, 1, 2018),
('52.03.13.2013', 'Gapuk', 4, NULL, 1, 2018),
('52.03.13.2014', 'Bintang Rinjani', 4, NULL, 1, 2018),
('52.03.13.2015', 'Paok Lombok', 4, NULL, 1, 2018),
('52.03.14.0000', 'Wanasaba', 3, NULL, 1, 2018),
('52.03.14.2001', 'Mamben Daya', 4, NULL, 1, 2018),
('52.03.14.2002', 'Mamben Lauk', 4, NULL, 1, 2018),
('52.03.14.2003', 'Wanasaba', 4, NULL, 1, 2018),
('52.03.14.2004', 'Karang Baru', 4, NULL, 1, 2018),
('52.03.14.2005', 'Bebidas', 4, NULL, 1, 2018),
('52.03.14.2006', 'Tembeng Putik', 4, NULL, 1, 2018),
('52.03.14.2007', 'Wanasaba Lauk', 4, NULL, 1, 2018),
('52.03.14.2008', 'Beriri Jarak', 4, NULL, 1, 2018),
('52.03.14.2009', 'Bandok', 4, NULL, 1, 2018),
('52.03.14.2010', 'Mamben Baru', 4, NULL, 1, 2018),
('52.03.14.2011', 'Otak Rarangan', 4, NULL, 1, 2018),
('52.03.14.2012', 'Jineng', 4, NULL, 1, 2018),
('52.03.14.2013', 'Wanasaba Daya', 4, NULL, 1, 2018),
('52.03.14.2014', 'Karang Baru Timur', 4, NULL, 1, 2018),
('52.03.15.0000', 'Sembalun', 3, NULL, 1, 2018),
('52.03.15.2001', 'Sembalun Bumbung', 4, NULL, 1, 2018),
('52.03.15.2002', 'Sembalun Lawang', 4, NULL, 1, 2018),
('52.03.15.2003', 'Sajang', 4, NULL, 1, 2018),
('52.03.15.2004', 'Bilok Petung', 4, NULL, 1, 2018),
('52.03.15.2005', 'Sembalun', 4, NULL, 1, 2018),
('52.03.15.2006', 'Sembalun Timba Gading', 4, NULL, 1, 2018),
('52.03.16.0000', 'Suwela', 3, NULL, 1, 2018),
('52.03.16.2001', 'Selaparang', 4, NULL, 1, 2018),
('52.03.16.2002', 'Ketangga', 4, NULL, 1, 2018),
('52.03.16.2003', 'Suntalangu', 4, NULL, 1, 2018),
('52.03.16.2004', 'Suela', 4, NULL, 1, 2018),
('52.03.16.2005', 'Sapit', 4, NULL, 1, 2018),
('52.03.16.2006', 'Perigi', 4, NULL, 1, 2018),
('52.03.16.2007', 'Mekar Sari', 4, NULL, 1, 2018),
('52.03.16.2008', 'Puncak Jeringo', 4, NULL, 1, 2018),
('52.03.17.0000', 'Labuhan Haji', 3, NULL, 1, 2018),
('52.03.17.1004', 'Tanjung', 4, NULL, 1, 2018),
('52.03.17.1005', 'Suryawangi', 4, NULL, 1, 2018),
('52.03.17.1007', 'Ijobalit', 4, NULL, 1, 2018),
('52.03.17.1012', 'Geres', 4, NULL, 1, 2018),
('52.03.17.2001', 'Labuhan Haji', 4, NULL, 1, 2018),
('52.03.17.2002', 'Peneda Gandor', 4, NULL, 1, 2018),
('52.03.17.2003', 'Teros', 4, NULL, 1, 2018),
('52.03.17.2006', 'Korleko', 4, NULL, 1, 2018),
('52.03.17.2008', 'Kertasari', 4, NULL, 1, 2018),
('52.03.17.2009', 'Tirtanadi', 4, NULL, 1, 2018),
('52.03.17.2010', 'Banjarsari', 4, NULL, 1, 2018),
('52.03.17.2011', 'Korleko Selatan', 4, NULL, 1, 2018),
('52.03.18.0000', 'Sakra Timur', 3, NULL, 1, 2018),
('52.03.18.2001', 'Gelanggang', 4, NULL, 1, 2018),
('52.03.18.2002', 'Surabaya', 4, NULL, 1, 2018),
('52.03.18.2003', 'Lepak', 4, NULL, 1, 2018),
('52.03.18.2004', 'Gereneng', 4, NULL, 1, 2018),
('52.03.18.2005', 'Montong Tangi', 4, NULL, 1, 2018),
('52.03.18.2006', 'Menceh', 4, NULL, 1, 2018),
('52.03.18.2007', 'Lepak Timur', 4, NULL, 1, 2018),
('52.03.18.2008', 'Surabaya Utara', 4, NULL, 1, 2018),
('52.03.18.2009', 'Gereneng Timur', 4, NULL, 1, 2018),
('52.03.18.2010', 'Lenting', 4, NULL, 1, 2018),
('52.03.19.0000', 'Sakra Barat', 3, NULL, 1, 2018),
('52.03.19.2001', 'Sukarara', 4, NULL, 1, 2018),
('52.03.19.2002', 'Gunung Rajak', 4, NULL, 1, 2018),
('52.03.19.2003', 'Rensing', 4, NULL, 1, 2018),
('52.03.19.2004', 'Bungtiang', 4, NULL, 1, 2018),
('52.03.19.2005', 'Pengkelak Mas', 4, NULL, 1, 2018),
('52.03.19.2006', 'Borok Toyang', 4, NULL, 1, 2018),
('52.03.19.2007', 'Rensing Raya', 4, NULL, 1, 2018),
('52.03.19.2008', 'Pematung', 4, NULL, 1, 2018),
('52.03.19.2009', 'Jerogunung', 4, NULL, 1, 2018),
('52.03.19.2010', 'Pejaring', 4, NULL, 1, 2018),
('52.03.19.2011', 'Boyemare', 4, NULL, 1, 2018),
('52.03.19.2012', 'Montong Beter', 4, NULL, 1, 2018),
('52.03.19.2013', 'Mengkuru', 4, NULL, 1, 2018),
('52.03.19.2014', 'Gadungmas', 4, NULL, 1, 2018),
('52.03.19.2015', 'Kembang Are Sampai', 4, NULL, 1, 2018),
('52.03.19.2016', 'Rensing Bat', 4, NULL, 1, 2018),
('52.03.19.2017', 'Tanak Kaken', 4, NULL, 1, 2018),
('52.03.19.2018', 'Gerisak Semanggeleng', 4, NULL, 1, 2018),
('52.03.20.0000', 'Jerowaru', 3, NULL, 1, 2018),
('52.03.20.2001', 'Batu Nampar', 4, NULL, 1, 2018),
('52.03.20.2002', 'Sukaraja', 4, NULL, 1, 2018),
('52.03.20.2003', 'Jerowaru', 4, NULL, 1, 2018),
('52.03.20.2004', 'Pemongkong', 4, NULL, 1, 2018),
('52.03.20.2005', 'Sekaroh', 4, NULL, 1, 2018),
('52.03.20.2006', 'Pandan Wangi', 4, NULL, 1, 2018),
('52.03.20.2007', 'Wakan', 4, NULL, 1, 2018),
('52.03.20.2008', 'Kwang Rundun', 4, NULL, 1, 2018),
('52.03.20.2009', 'Ekas Buana', 4, NULL, 1, 2018),
('52.03.20.2010', 'Sepapan', 4, NULL, 1, 2018),
('52.03.20.2011', 'Seriwe', 4, NULL, 1, 2018),
('52.03.20.2012', 'Pene', 4, NULL, 1, 2018),
('52.03.20.2013', 'Batunampar Selatan', 4, NULL, 1, 2018),
('52.03.20.2014', 'Sukadamai', 4, NULL, 1, 2018),
('52.03.20.2015', 'Pare Mas', 4, NULL, 1, 2018),
('52.04.00.0000', 'KAB. SUMBAWA', 2, NULL, 1, 2018),
('52.04.02.0000', 'Lunyuk', 3, NULL, 1, 2018),
('52.04.02.2001', 'Lunyuk Rea', 4, NULL, 1, 2018),
('52.04.02.2002', 'Lunyuk Ode', 4, NULL, 1, 2018),
('52.04.02.2003', 'Jamu', 4, NULL, 1, 2018),
('52.04.02.2007', 'Pada Suka', 4, NULL, 1, 2018),
('52.04.02.2008', 'Suka Maju', 4, NULL, 1, 2018),
('52.04.02.2009', 'Perung', 4, NULL, 1, 2018),
('52.04.02.2010', 'Emang Lestari', 4, NULL, 1, 2018),
('52.04.05.0000', 'Alas', 3, NULL, 1, 2018),
('52.04.05.2001', 'Luar', 4, NULL, 1, 2018),
('52.04.05.2002', 'Baru', 4, NULL, 1, 2018),
('52.04.05.2003', 'Kalimango', 4, NULL, 1, 2018),
('52.04.05.2004', 'Marente', 4, NULL, 1, 2018),
('52.04.05.2005', 'Juran Alas', 4, NULL, 1, 2018),
('52.04.05.2006', 'Dalam', 4, NULL, 1, 2018),
('52.04.05.2007', 'Pulau Bungin', 4, NULL, 1, 2018),
('52.04.05.2012', 'Labuhan Alas', 4, NULL, 1, 2018),
('52.04.06.0000', 'Utan', 3, NULL, 1, 2018),
('52.04.06.2001', 'Stowe Brang', 4, NULL, 1, 2018),
('52.04.06.2002', 'Labuhan Bajo', 4, NULL, 1, 2018),
('52.04.06.2003', 'Pukat', 4, NULL, 1, 2018),
('52.04.06.2004', 'Orong Bawa', 4, NULL, 1, 2018),
('52.04.06.2005', 'Jorok', 4, NULL, 1, 2018),
('52.04.06.2006', 'Motong', 4, NULL, 1, 2018),
('52.04.06.2007', 'Tengah', 4, NULL, 1, 2018),
('52.04.06.2008', 'Sebedo', 4, NULL, 1, 2018),
('52.04.06.2012', 'Bale Brang', 4, NULL, 1, 2018),
('52.04.07.0000', 'Batu Lanteh', 3, NULL, 1, 2018),
('52.04.07.2001', 'Batu Rotok', 4, NULL, 1, 2018),
('52.04.07.2002', 'Tangkam Pulit', 4, NULL, 1, 2018),
('52.04.07.2003', 'Bao Desa', 4, NULL, 1, 2018),
('52.04.07.2004', 'Tepal', 4, NULL, 1, 2018),
('52.04.07.2005', 'Batu Dulang', 4, NULL, 1, 2018),
('52.04.07.2006', 'Kelungkung', 4, NULL, 1, 2018),
('52.04.08.0000', 'Sumbawa', 3, NULL, 1, 2018),
('52.04.08.1001', 'Samapuin', 4, NULL, 1, 2018),
('52.04.08.1002', 'Brang Bara', 4, NULL, 1, 2018),
('52.04.08.1003', 'Pekat', 4, NULL, 1, 2018),
('52.04.08.1004', 'Seketeng', 4, NULL, 1, 2018),
('52.04.08.1005', 'Bugis', 4, NULL, 1, 2018),
('52.04.08.1006', 'Lempeh', 4, NULL, 1, 2018),
('52.04.08.1007', 'Brang Biji', 4, NULL, 1, 2018),
('52.04.08.1008', 'Uma Sima', 4, NULL, 1, 2018),
('52.04.09.0000', 'Moyo Hilir', 3, NULL, 1, 2018),
('52.04.09.2001', 'Moyo', 4, NULL, 1, 2018),
('52.04.09.2002', 'Kakiang', 4, NULL, 1, 2018),
('52.04.09.2003', 'Ngeru', 4, NULL, 1, 2018),
('52.04.09.2004', 'Berare', 4, NULL, 1, 2018),
('52.04.09.2005', 'Poto', 4, NULL, 1, 2018),
('52.04.09.2009', 'Serading', 4, NULL, 1, 2018),
('52.04.09.2010', 'Olat Rawa', 4, NULL, 1, 2018),
('52.04.09.2011', 'Batu Bangka', 4, NULL, 1, 2018),
('52.04.09.2013', 'Moyo Mekar', 4, NULL, 1, 2018),
('52.04.09.2014', 'Labuhan Ijuk', 4, NULL, 1, 2018),
('52.04.10.0000', 'Moyo Hulu', 3, NULL, 1, 2018),
('52.04.10.2001', 'Sempe', 4, NULL, 1, 2018),
('52.04.10.2002', 'Semamung', 4, NULL, 1, 2018),
('52.04.10.2003', 'Sebasang', 4, NULL, 1, 2018),
('52.04.10.2004', 'Batu Tering', 4, NULL, 1, 2018),
('52.04.10.2005', 'Batu Bulan', 4, NULL, 1, 2018),
('52.04.10.2006', 'Mokong', 4, NULL, 1, 2018),
('52.04.10.2007', 'Pernek', 4, NULL, 1, 2018),
('52.04.10.2008', 'Leseng', 4, NULL, 1, 2018),
('52.04.10.2009', 'Lito', 4, NULL, 1, 2018),
('52.04.10.2010', 'Marga Karya', 4, NULL, 1, 2018),
('52.04.10.2011', 'Maman', 4, NULL, 1, 2018),
('52.04.10.2012', 'Brang Rea', 4, NULL, 1, 2018),
('52.04.11.0000', 'Ropang', 3, NULL, 1, 2018),
('52.04.11.2002', 'Lebin', 4, NULL, 1, 2018),
('52.04.11.2003', 'Lebangkar', 4, NULL, 1, 2018),
('52.04.11.2008', 'Ropang', 4, NULL, 1, 2018),
('52.04.11.2009', 'Lawin', 4, NULL, 1, 2018),
('52.04.11.2010', 'Ranan', 4, NULL, 1, 2018),
('52.04.12.0000', 'Lape', 3, NULL, 1, 2018),
('52.04.12.2003', 'Lape', 4, NULL, 1, 2018),
('52.04.12.2005', 'Labuhan Kuris', 4, NULL, 1, 2018),
('52.04.12.2006', 'Dete', 4, NULL, 1, 2018),
('52.04.12.2009', 'Hijrah', 4, NULL, 1, 2018),
('52.04.13.0000', 'Plampang', 3, NULL, 1, 2018),
('52.04.13.2003', 'Muer', 4, NULL, 1, 2018),
('52.04.13.2004', 'Plampang', 4, NULL, 1, 2018),
('52.04.13.2005', 'Teluk Santong', 4, NULL, 1, 2018),
('52.04.13.2006', 'Sepayung', 4, NULL, 1, 2018),
('52.04.13.2007', 'Sepakat', 4, NULL, 1, 2018),
('52.04.13.2008', 'UPT. Perode SP I', 4, NULL, 1, 2018),
('52.04.13.2009', 'UPT. Perode SP II', 4, NULL, 1, 2018),
('52.04.13.2010', 'UPT Perode SP III', 4, NULL, 1, 2018),
('52.04.13.2012', 'Selanteh', 4, NULL, 1, 2018),
('52.04.13.2013', 'Brang Kolong', 4, NULL, 1, 2018),
('52.04.13.2014', 'Usar', 4, NULL, 1, 2018),
('52.04.14.0000', 'Empang', 3, NULL, 1, 2018),
('52.04.14.2001', 'Boal', 4, NULL, 1, 2018),
('52.04.14.2002', 'Jotang', 4, NULL, 1, 2018),
('52.04.14.2003', 'Empang Atas', 4, NULL, 1, 2018),
('52.04.14.2004', 'Empang Bawa', 4, NULL, 1, 2018),
('52.04.14.2005', 'Ongko', 4, NULL, 1, 2018),
('52.04.14.2012', 'Lamenta', 4, NULL, 1, 2018),
('52.04.14.2013', 'Gapit', 4, NULL, 1, 2018),
('52.04.14.2014', 'Pamanto', 4, NULL, 1, 2018),
('52.04.14.2015', 'Bunga Eja', 4, NULL, 1, 2018),
('52.04.14.2016', 'Jotang Beru', 4, NULL, 1, 2018),
('52.04.17.0000', 'Alas Barat', 3, NULL, 1, 2018),
('52.04.17.2001', 'Mapin Rea', 4, NULL, 1, 2018),
('52.04.17.2002', 'Mapin Kebak', 4, NULL, 1, 2018),
('52.04.17.2003', 'Labuhan Mapin', 4, NULL, 1, 2018),
('52.04.17.2004', 'Lekong', 4, NULL, 1, 2018),
('52.04.17.2005', 'Gontar', 4, NULL, 1, 2018),
('52.04.17.2006', 'Usar Mapin', 4, NULL, 1, 2018),
('52.04.17.2007', 'Gontar Baru', 4, NULL, 1, 2018),
('52.04.17.2008', 'Mapin Beru', 4, NULL, 1, 2018),
('52.04.18.0000', 'Labuhan Badas', 3, NULL, 1, 2018),
('52.04.18.2001', 'Labuhan Badas', 4, NULL, 1, 2018),
('52.04.18.2002', 'Karang Dima', 4, NULL, 1, 2018),
('52.04.18.2003', 'Labuhan Sumbawa', 4, NULL, 1, 2018),
('52.04.18.2004', 'Labuhan Aji', 4, NULL, 1, 2018),
('52.04.18.2005', 'Sebotok', 4, NULL, 1, 2018),
('52.04.18.2006', 'Bajo Medang', 4, NULL, 1, 2018),
('52.04.18.2007', 'Bugis Medang', 4, NULL, 1, 2018),
('52.04.19.0000', 'Labangka', 3, NULL, 1, 2018),
('52.04.19.2001', 'Labangka', 4, NULL, 1, 2018),
('52.04.19.2002', 'Sekokat', 4, NULL, 1, 2018),
('52.04.19.2003', 'Suka Mulya', 4, NULL, 1, 2018),
('52.04.19.2004', 'Suka Damai', 4, NULL, 1, 2018),
('52.04.19.2005', 'Jaya Makmur', 4, NULL, 1, 2018),
('52.04.20.0000', 'Buer', 3, NULL, 1, 2018),
('52.04.20.2001', 'Tarusa', 4, NULL, 1, 2018),
('52.04.20.2002', 'Juru Mapin', 4, NULL, 1, 2018),
('52.04.20.2003', 'Kalabeso', 4, NULL, 1, 2018),
('52.04.20.2004', 'Labuhan Burung', 4, NULL, 1, 2018),
('52.04.20.2005', 'Pulau Kaung', 4, NULL, 1, 2018),
('52.04.20.2006', 'Buin Baru', 4, NULL, 1, 2018),
('52.04.21.0000', 'Rhee', 3, NULL, 1, 2018),
('52.04.21.2001', 'Rhee', 4, NULL, 1, 2018),
('52.04.21.2002', 'Sampe', 4, NULL, 1, 2018),
('52.04.21.2003', 'Luk', 4, NULL, 1, 2018),
('52.04.21.2004', 'Rhee Loka', 4, NULL, 1, 2018),
('52.04.22.0000', 'Unter Iwes', 3, NULL, 1, 2018),
('52.04.22.2001', 'Pelat', 4, NULL, 1, 2018),
('52.04.22.2002', 'Kerekeh', 4, NULL, 1, 2018),
('52.04.22.2003', 'Boak', 4, NULL, 1, 2018),
('52.04.22.2004', 'Jorok', 4, NULL, 1, 2018),
('52.04.22.2005', 'Kerato', 4, NULL, 1, 2018),
('52.04.22.2006', 'Pungka', 4, NULL, 1, 2018),
('52.04.22.2007', 'Uma Beringin', 4, NULL, 1, 2018),
('52.04.22.2008', 'Nijang', 4, NULL, 1, 2018),
('52.04.23.0000', 'Moyo Utara', 3, NULL, 1, 2018),
('52.04.23.2001', 'Pungkit', 4, NULL, 1, 2018),
('52.04.23.2002', 'Sebewe', 4, NULL, 1, 2018),
('52.04.23.2003', 'Penyaring', 4, NULL, 1, 2018),
('52.04.23.2004', 'Kukin', 4, NULL, 1, 2018),
('52.04.23.2005', 'Baru Tahan', 4, NULL, 1, 2018),
('52.04.23.2006', 'Songkar', 4, NULL, 1, 2018),
('52.04.24.0000', 'Maronge', 3, NULL, 1, 2018),
('52.04.24.2001', 'Simu', 4, NULL, 1, 2018),
('52.04.24.2002', 'Maronge', 4, NULL, 1, 2018),
('52.04.24.2003', 'Pamasar', 4, NULL, 1, 2018),
('52.04.24.2004', 'Labuhan Sangoro', 4, NULL, 1, 2018),
('52.04.25.0000', 'Tarano', 3, NULL, 1, 2018),
('52.04.25.2001', 'Bantulante', 4, NULL, 1, 2018),
('52.04.25.2002', 'Labuhan Bontong', 4, NULL, 1, 2018),
('52.04.25.2003', 'Labuhan Aji', 4, NULL, 1, 2018),
('52.04.25.2004', 'Labuhan Jambu', 4, NULL, 1, 2018),
('52.04.25.2005', 'Mata', 4, NULL, 1, 2018),
('52.04.25.2006', 'Tolo Oi', 4, NULL, 1, 2018),
('52.04.25.2007', 'Banda', 4, NULL, 1, 2018),
('52.04.25.2008', 'Labuhan Pidang', 4, NULL, 1, 2018),
('52.04.26.0000', 'Lopok', 3, NULL, 1, 2018),
('52.04.26.2001', 'Pungkit', 4, NULL, 1, 2018),
('52.04.26.2002', 'Berora', 4, NULL, 1, 2018),
('52.04.26.2003', 'Lopok', 4, NULL, 1, 2018),
('52.04.26.2004', 'Langam', 4, NULL, 1, 2018),
('52.04.26.2005', 'Mamak', 4, NULL, 1, 2018),
('52.04.26.2006', 'Lopok Beru', 4, NULL, 1, 2018),
('52.04.26.2007', 'Tatede', 4, NULL, 1, 2018),
('52.04.27.0000', 'Lenangguar', 3, NULL, 1, 2018),
('52.04.27.2001', 'Tatebal', 4, NULL, 1, 2018),
('52.04.27.2002', 'Lenangguar', 4, NULL, 1, 2018),
('52.04.27.2003', 'Ledang', 4, NULL, 1, 2018),
('52.04.27.2004', 'Telaga', 4, NULL, 1, 2018),
('52.04.28.0000', 'Orong Telu', 3, NULL, 1, 2018),
('52.04.28.2001', 'Senawang', 4, NULL, 1, 2018),
('52.04.28.2002', 'Kelawis', 4, NULL, 1, 2018),
('52.04.28.2003', 'Mungkin', 4, NULL, 1, 2018),
('52.04.28.2004', 'Sebeok', 4, NULL, 1, 2018),
('52.04.29.0000', 'Lantung', 3, NULL, 1, 2018),
('52.04.29.2001', 'Lantung', 4, NULL, 1, 2018),
('52.04.29.2002', 'Sepukur', 4, NULL, 1, 2018),
('52.04.29.2003', 'Ai Mual', 4, NULL, 1, 2018),
('52.04.29.2004', 'Padesa', 4, NULL, 1, 2018),
('52.05.00.0000', 'KAB. DOMPU', 2, NULL, 1, 2018),
('52.05.01.0000', 'Dompu', 3, NULL, 1, 2018),
('52.05.01.1001', 'Bada', 4, NULL, 1, 2018),
('52.05.01.1002', 'Bali', 4, NULL, 1, 2018),
('52.05.01.1003', 'Potu', 4, NULL, 1, 2018),
('52.05.01.1004', 'Karijawa', 4, NULL, 1, 2018),
('52.05.01.1005', 'Dora Tangga', 4, NULL, 1, 2018),
('52.05.01.1006', 'Kandai I', 4, NULL, 1, 2018),
('52.05.01.2007', 'O\'o', 4, NULL, 1, 2018),
('52.05.01.2008', 'Katua', 4, NULL, 1, 2018),
('52.05.01.2009', 'Karamabura', 4, NULL, 1, 2018),
('52.05.01.2010', 'Mbawi', 4, NULL, 1, 2018),
('52.05.01.2011', 'Dore Bara', 4, NULL, 1, 2018),
('52.05.01.2012', 'Kareke', 4, NULL, 1, 2018),
('52.05.01.2013', 'Mangge Nae', 4, NULL, 1, 2018),
('52.05.01.2014', 'Manggeasi', 4, NULL, 1, 2018),
('52.05.01.2015', 'Sori Sakolo', 4, NULL, 1, 2018),
('52.05.02.0000', 'Kempo', 3, NULL, 1, 2018),
('52.05.02.2001', 'Kempo', 4, NULL, 1, 2018),
('52.05.02.2002', 'Ta\'a', 4, NULL, 1, 2018),
('52.05.02.2003', 'Soro', 4, NULL, 1, 2018),
('52.05.02.2004', 'Konte', 4, NULL, 1, 2018),
('52.05.02.2005', 'Tolo Kalo', 4, NULL, 1, 2018),
('52.05.02.2006', 'Songgaja', 4, NULL, 1, 2018),
('52.05.02.2007', 'Doro Kobo', 4, NULL, 1, 2018),
('52.05.02.2008', 'Soro Barat', 4, NULL, 1, 2018),
('52.05.03.0000', 'Hu\'u', 3, NULL, 1, 2018),
('52.05.03.2001', 'Rasa Bou', 4, NULL, 1, 2018),
('52.05.03.2002', 'Daha', 4, NULL, 1, 2018),
('52.05.03.2003', 'Hu\'u', 4, NULL, 1, 2018),
('52.05.03.2004', 'Adu', 4, NULL, 1, 2018),
('52.05.03.2005', 'Cempi Jaya', 4, NULL, 1, 2018),
('52.05.03.2006', 'Merada', 4, NULL, 1, 2018),
('52.05.03.2007', 'Jala', 4, NULL, 1, 2018),
('52.05.03.2008', 'Sawe', 4, NULL, 1, 2018),
('52.05.04.0000', 'Kilo', 3, NULL, 1, 2018),
('52.05.04.2001', 'Malaju', 4, NULL, 1, 2018),
('52.05.04.2002', 'Lasi', 4, NULL, 1, 2018),
('52.05.04.2003', 'Mbuju', 4, NULL, 1, 2018),
('52.05.04.2004', 'Kiwu', 4, NULL, 1, 2018),
('52.05.04.2005', 'Taropo', 4, NULL, 1, 2018),
('52.05.04.2006', 'Karama', 4, NULL, 1, 2018),
('52.05.05.0000', 'Woja', 3, NULL, 1, 2018),
('52.05.05.1001', 'Monta Baru', 4, NULL, 1, 2018),
('52.05.05.1002', 'Kandai II', 4, NULL, 1, 2018),
('52.05.05.1003', 'Simpasai', 4, NULL, 1, 2018),
('52.05.05.2004', 'Saneo', 4, NULL, 1, 2018),
('52.05.05.2005', 'Wawonduru', 4, NULL, 1, 2018),
('52.05.05.2006', 'Matua', 4, NULL, 1, 2018),
('52.05.05.2007', 'Nowa', 4, NULL, 1, 2018),
('52.05.05.2008', 'Bara', 4, NULL, 1, 2018),
('52.05.05.2009', 'Mada Prama', 4, NULL, 1, 2018),
('52.05.05.2010', 'Riwo', 4, NULL, 1, 2018),
('52.05.05.2011', 'Mumbu', 4, NULL, 1, 2018),
('52.05.05.2012', 'Sera Kapi', 4, NULL, 1, 2018),
('52.05.05.2013', 'Raba Baka', 4, NULL, 1, 2018),
('52.05.05.2014', 'Baka Jaya', 4, NULL, 1, 2018),
('52.05.06.0000', 'Pekat', 3, NULL, 1, 2018),
('52.05.06.2001', 'Pekat', 4, NULL, 1, 2018),
('52.05.06.2002', 'Nangamiro', 4, NULL, 1, 2018),
('52.05.06.2003', 'Kadindi', 4, NULL, 1, 2018),
('52.05.06.2004', 'Beringin Jaya', 4, NULL, 1, 2018),
('52.05.06.2005', 'Sori Nomo', 4, NULL, 1, 2018),
('52.05.06.2006', 'Tambora', 4, NULL, 1, 2018),
('52.05.06.2007', 'Doro Peti', 4, NULL, 1, 2018),
('52.05.06.2008', 'Karombo', 4, NULL, 1, 2018),
('52.05.06.2009', 'Kadindi Barat', 4, NULL, 1, 2018),
('52.05.06.2010', 'Nangakara', 4, NULL, 1, 2018),
('52.05.06.2011', 'Sori Tatanga', 4, NULL, 1, 2018),
('52.05.06.2012', 'Calabai', 4, NULL, 1, 2018),
('52.05.07.0000', 'Manggalewa', 3, NULL, 1, 2018),
('52.05.07.2001', 'Soriutu', 4, NULL, 1, 2018),
('52.05.07.2002', 'Banggo', 4, NULL, 1, 2018),
('52.05.07.2003', 'Kwangko', 4, NULL, 1, 2018),
('52.05.07.2004', 'Lanci Jaya', 4, NULL, 1, 2018),
('52.05.07.2005', 'Suka Damai', 4, NULL, 1, 2018),
('52.05.07.2006', 'Nusa Jaya', 4, NULL, 1, 2018),
('52.05.07.2007', 'Doromelo', 4, NULL, 1, 2018),
('52.05.07.2008', 'Nangatumpu', 4, NULL, 1, 2018),
('52.05.07.2009', 'Kampasi Meci', 4, NULL, 1, 2018),
('52.05.07.2010', 'Teka Sire', 4, NULL, 1, 2018),
('52.05.07.2011', 'Anamina', 4, NULL, 1, 2018),
('52.05.07.2012', 'Tanju', 4, NULL, 1, 2018),
('52.05.08.0000', 'Pajo', 3, NULL, 1, 2018),
('52.05.08.2001', 'Ranggo', 4, NULL, 1, 2018),
('52.05.08.2002', 'Jambu', 4, NULL, 1, 2018),
('52.05.08.2003', 'Lepadi', 4, NULL, 1, 2018),
('52.05.08.2004', 'Lune', 4, NULL, 1, 2018),
('52.05.08.2005', 'Woko', 4, NULL, 1, 2018),
('52.05.08.2006', 'Tembal Lae', 4, NULL, 1, 2018),
('52.06.00.0000', 'KAB. BIMA', 2, NULL, 1, 2018),
('52.06.01.0000', 'Monta', 3, NULL, 1, 2018),
('52.06.01.2005', 'Tolotangga', 4, NULL, 1, 2018),
('52.06.01.2006', 'Sondo', 4, NULL, 1, 2018),
('52.06.01.2007', 'Simpasai', 4, NULL, 1, 2018),
('52.06.01.2008', 'Sie', 4, NULL, 1, 2018),
('52.06.01.2009', 'Tangga', 4, NULL, 1, 2018),
('52.06.01.2010', 'Monta', 4, NULL, 1, 2018),
('52.06.01.2011', 'Sakuru', 4, NULL, 1, 2018),
('52.06.01.2012', 'Baralau', 4, NULL, 1, 2018),
('52.06.01.2014', 'Tolouwi', 4, NULL, 1, 2018),
('52.06.01.2015', 'Wilamaci', 4, NULL, 1, 2018),
('52.06.01.2016', 'Pela', 4, NULL, 1, 2018),
('52.06.01.2017', 'Tangga Baru', 4, NULL, 1, 2018),
('52.06.01.2018', 'Nontotera', 4, NULL, 1, 2018),
('52.06.01.2019', 'Waro', 4, NULL, 1, 2018),
('52.06.02.0000', 'Bolo', 3, NULL, 1, 2018),
('52.06.02.2001', 'Tambe', 4, NULL, 1, 2018),
('52.06.02.2002', 'Rasabau', 4, NULL, 1, 2018),
('52.06.02.2003', 'Rato', 4, NULL, 1, 2018),
('52.06.02.2004', 'Kananga', 4, NULL, 1, 2018),
('52.06.02.2005', 'Leu', 4, NULL, 1, 2018),
('52.06.02.2006', 'Timu', 4, NULL, 1, 2018),
('52.06.02.2007', 'Bontokape', 4, NULL, 1, 2018),
('52.06.02.2008', 'Sondosia', 4, NULL, 1, 2018),
('52.06.02.2009', 'Nggembe', 4, NULL, 1, 2018),
('52.06.02.2010', 'Sanolo', 4, NULL, 1, 2018),
('52.06.02.2011', 'Tumpu', 4, NULL, 1, 2018),
('52.06.02.2012', 'Rada', 4, NULL, 1, 2018),
('52.06.02.2013', 'Kara', 4, NULL, 1, 2018),
('52.06.02.2014', 'Darussalam', 4, NULL, 1, 2018),
('52.06.03.0000', 'Woha', 3, NULL, 1, 2018),
('52.06.03.2001', 'Keli', 4, NULL, 1, 2018),
('52.06.03.2002', 'Tenga', 4, NULL, 1, 2018),
('52.06.03.2003', 'Tente', 4, NULL, 1, 2018),
('52.06.03.2004', 'Rabakodo', 4, NULL, 1, 2018),
('52.06.03.2005', 'Samili', 4, NULL, 1, 2018),
('52.06.03.2006', 'Kalampa', 4, NULL, 1, 2018),
('52.06.03.2007', 'Risa', 4, NULL, 1, 2018),
('52.06.03.2008', 'Pandai', 4, NULL, 1, 2018),
('52.06.03.2009', 'Donggobolo', 4, NULL, 1, 2018),
('52.06.03.2010', 'Dadibou', 4, NULL, 1, 2018),
('52.06.03.2011', 'Talabiu', 4, NULL, 1, 2018),
('52.06.03.2012', 'Naru', 4, NULL, 1, 2018),
('52.06.03.2013', 'Nisa', 4, NULL, 1, 2018),
('52.06.03.2014', 'Waduwani', 4, NULL, 1, 2018),
('52.06.03.2015', 'Penapali', 4, NULL, 1, 2018),
('52.06.04.0000', 'Belo', 3, NULL, 1, 2018),
('52.06.04.2001', 'Ncera', 4, NULL, 1, 2018),
('52.06.04.2002', 'Lido', 4, NULL, 1, 2018),
('52.06.04.2003', 'Ngali', 4, NULL, 1, 2018),
('52.06.04.2004', 'Renda', 4, NULL, 1, 2018),
('52.06.04.2005', 'Cenggu', 4, NULL, 1, 2018),
('52.06.04.2006', 'Runggu', 4, NULL, 1, 2018),
('52.06.04.2014', 'Soki', 4, NULL, 1, 2018),
('52.06.04.2015', 'Roka', 4, NULL, 1, 2018),
('52.06.04.2016', 'Diha', 4, NULL, 1, 2018),
('52.06.05.0000', 'Wawo', 3, NULL, 1, 2018),
('52.06.05.2001', 'Tarlawi', 4, NULL, 1, 2018),
('52.06.05.2005', 'Ntori', 4, NULL, 1, 2018),
('52.06.05.2006', 'Maria', 4, NULL, 1, 2018),
('52.06.05.2007', 'Pesa', 4, NULL, 1, 2018),
('52.06.05.2008', 'Raba', 4, NULL, 1, 2018),
('52.06.05.2011', 'Kambilo', 4, NULL, 1, 2018),
('52.06.05.2012', 'Maria Utara', 4, NULL, 1, 2018),
('52.06.05.2013', 'Kombo', 4, NULL, 1, 2018),
('52.06.05.2014', 'Rianmau', 4, NULL, 1, 2018),
('52.06.06.0000', 'Sape', 3, NULL, 1, 2018),
('52.06.06.2001', 'Sari', 4, NULL, 1, 2018),
('52.06.06.2002', 'Boke', 4, NULL, 1, 2018),
('52.06.06.2003', 'Jia', 4, NULL, 1, 2018),
('52.06.06.2004', 'Bugis', 4, NULL, 1, 2018),
('52.06.06.2005', 'Naru', 4, NULL, 1, 2018),
('52.06.06.2006', 'Rasabou', 4, NULL, 1, 2018),
('52.06.06.2007', 'Sangia', 4, NULL, 1, 2018),
('52.06.06.2008', 'Na\'e', 4, NULL, 1, 2018),
('52.06.06.2009', 'Rai O\'i', 4, NULL, 1, 2018),
('52.06.06.2010', 'Parangina', 4, NULL, 1, 2018),
('52.06.06.2011', 'Kowo', 4, NULL, 1, 2018),
('52.06.06.2012', 'Buncu', 4, NULL, 1, 2018),
('52.06.06.2013', 'Poja', 4, NULL, 1, 2018),
('52.06.06.2014', 'Bajo Pulo', 4, NULL, 1, 2018),
('52.06.06.2015', 'Naru Barat', 4, NULL, 1, 2018),
('52.06.06.2016', 'Tanah Putih', 4, NULL, 1, 2018),
('52.06.06.2017', 'Lamera', 4, NULL, 1, 2018),
('52.06.06.2018', 'Oi Maci', 4, NULL, 1, 2018),
('52.06.07.0000', 'Wera', 3, NULL, 1, 2018),
('52.06.07.2001', 'Ntoke', 4, NULL, 1, 2018),
('52.06.07.2002', 'Pai', 4, NULL, 1, 2018),
('52.06.07.2003', 'Nunggi', 4, NULL, 1, 2018),
('52.06.07.2004', 'Tawali', 4, NULL, 1, 2018),
('52.06.07.2005', 'Hadirasa', 4, NULL, 1, 2018),
('52.06.07.2006', 'Wora', 4, NULL, 1, 2018),
('52.06.07.2007', 'Sangiang', 4, NULL, 1, 2018),
('52.06.07.2008', 'Bala', 4, NULL, 1, 2018),
('52.06.07.2009', 'Oi Tui', 4, NULL, 1, 2018),
('52.06.07.2010', 'Tadewa', 4, NULL, 1, 2018),
('52.06.07.2011', 'Nanga Wera', 4, NULL, 1, 2018),
('52.06.07.2012', 'Ranggasolo', 4, NULL, 1, 2018),
('52.06.07.2013', 'Kalajena', 4, NULL, 1, 2018),
('52.06.07.2014', 'Mandala', 4, NULL, 1, 2018),
('52.06.08.0000', 'Donggo', 3, NULL, 1, 2018),
('52.06.08.2005', 'Dori Dungga', 4, NULL, 1, 2018),
('52.06.08.2006', 'Kala', 4, NULL, 1, 2018),
('52.06.08.2007', 'O\'o', 4, NULL, 1, 2018),
('52.06.08.2008', 'Mbawa', 4, NULL, 1, 2018),
('52.06.08.2009', 'Palama', 4, NULL, 1, 2018),
('52.06.08.2010', 'Rora', 4, NULL, 1, 2018),
('52.06.08.2012', 'Mpili', 4, NULL, 1, 2018),
('52.06.08.2013', 'Bumi Pajo', 4, NULL, 1, 2018),
('52.06.08.2014', 'Ndano Na\'e', 4, NULL, 1, 2018),
('52.06.09.0000', 'Sanggar', 3, NULL, 1, 2018),
('52.06.09.2001', 'Piong', 4, NULL, 1, 2018),
('52.06.09.2002', 'Boro', 4, NULL, 1, 2018),
('52.06.09.2003', 'Kore', 4, NULL, 1, 2018),
('52.06.09.2004', 'Taloko', 4, NULL, 1, 2018),
('52.06.09.2005', 'Oi Saro', 4, NULL, 1, 2018),
('52.06.09.2006', 'Sandue', 4, NULL, 1, 2018),
('52.06.10.0000', 'Ambalawi', 3, NULL, 1, 2018),
('52.06.10.2001', 'Nipa', 4, NULL, 1, 2018),
('52.06.10.2002', 'Tolowata', 4, NULL, 1, 2018),
('52.06.10.2003', 'Rite', 4, NULL, 1, 2018),
('52.06.10.2004', 'Mawu', 4, NULL, 1, 2018),
('52.06.10.2005', 'Talapiti', 4, NULL, 1, 2018),
('52.06.10.2006', 'Kole', 4, NULL, 1, 2018),
('52.06.11.0000', 'Langgudu', 3, NULL, 1, 2018),
('52.06.11.2001', 'Waworada', 4, NULL, 1, 2018),
('52.06.11.2002', 'Karumbu', 4, NULL, 1, 2018),
('52.06.11.2003', 'Rupe', 4, NULL, 1, 2018),
('52.06.11.2004', 'Kalodu', 4, NULL, 1, 2018),
('52.06.11.2005', 'Kawuwu', 4, NULL, 1, 2018),
('52.06.11.2006', 'Doro Oo', 4, NULL, 1, 2018),
('52.06.11.2007', 'Laju', 4, NULL, 1, 2018),
('52.06.11.2008', 'Kangga', 4, NULL, 1, 2018),
('52.06.11.2009', 'Karampi', 4, NULL, 1, 2018),
('52.06.11.2010', 'Waduruka', 4, NULL, 1, 2018),
('52.06.11.2011', 'Dumu', 4, NULL, 1, 2018),
('52.06.11.2012', 'Rompo', 4, NULL, 1, 2018),
('52.06.11.2013', 'Sarae Ruma', 4, NULL, 1, 2018),
('52.06.11.2014', 'Pusu', 4, NULL, 1, 2018),
('52.06.11.2015', 'Sambane', 4, NULL, 1, 2018),
('52.06.12.0000', 'Lambu', 3, NULL, 1, 2018),
('52.06.12.2001', 'Kaleo', 4, NULL, 1, 2018),
('52.06.12.2002', 'Simpasai', 4, NULL, 1, 2018),
('52.06.12.2003', 'Mangge', 4, NULL, 1, 2018),
('52.06.12.2004', 'Lanta', 4, NULL, 1, 2018),
('52.06.12.2005', 'Nggelu', 4, NULL, 1, 2018),
('52.06.12.2006', 'Rato', 4, NULL, 1, 2018),
('52.06.12.2007', 'Sumi', 4, NULL, 1, 2018),
('52.06.12.2008', 'Soro', 4, NULL, 1, 2018),
('52.06.12.2009', 'Lambu', 4, NULL, 1, 2018),
('52.06.12.2010', 'Hidirasa', 4, NULL, 1, 2018),
('52.06.12.2011', 'Lanta Barat', 4, NULL, 1, 2018),
('52.06.12.2012', 'Melayu', 4, NULL, 1, 2018),
('52.06.12.2013', 'Sangga', 4, NULL, 1, 2018),
('52.06.12.2014', 'Monta Baru', 4, NULL, 1, 2018),
('52.06.13.0000', 'Madapangga', 3, NULL, 1, 2018),
('52.06.13.2001', 'Woro', 4, NULL, 1, 2018),
('52.06.13.2002', 'Campa', 4, NULL, 1, 2018),
('52.06.13.2003', 'Mpuri', 4, NULL, 1, 2018),
('52.06.13.2004', 'Ndano', 4, NULL, 1, 2018),
('52.06.13.2005', 'Monggo', 4, NULL, 1, 2018),
('52.06.13.2006', 'Dena', 4, NULL, 1, 2018),
('52.06.13.2007', 'Rade', 4, NULL, 1, 2018),
('52.06.13.2008', 'Tonda', 4, NULL, 1, 2018),
('52.06.13.2009', 'Bolo', 4, NULL, 1, 2018),
('52.06.13.2010', 'Madawau', 4, NULL, 1, 2018),
('52.06.13.2011', 'Ncandi', 4, NULL, 1, 2018),
('52.06.14.0000', 'Tambora', 3, NULL, 1, 2018),
('52.06.14.2001', 'Labuhan Kenanga', 4, NULL, 1, 2018),
('52.06.14.2002', 'Kawinda Nae', 4, NULL, 1, 2018),
('52.06.14.2003', 'Kawinda Toi', 4, NULL, 1, 2018),
('52.06.14.2004', 'Oi Panihi', 4, NULL, 1, 2018),
('52.06.14.2005', 'Oi Bura', 4, NULL, 1, 2018),
('52.06.14.2006', 'Oi Katupa', 4, NULL, 1, 2018),
('52.06.14.2007', 'Rasabou', 4, NULL, 1, 2018),
('52.06.15.0000', 'Soromandi', 3, NULL, 1, 2018),
('52.06.15.2001', 'Bajo', 4, NULL, 1, 2018),
('52.06.15.2002', 'Punti', 4, NULL, 1, 2018),
('52.06.15.2003', 'Wadukopa', 4, NULL, 1, 2018),
('52.06.15.2004', 'Kanata', 4, NULL, 1, 2018),
('52.06.15.2005', 'Sai', 4, NULL, 1, 2018),
('52.06.15.2006', 'Sampungu', 4, NULL, 1, 2018),
('52.06.15.2007', 'Lewintana', 4, NULL, 1, 2018),
('52.06.16.0000', 'Parado', 3, NULL, 1, 2018),
('52.06.16.2001', 'Parado Wane', 4, NULL, 1, 2018),
('52.06.16.2002', 'Parado Rato', 4, NULL, 1, 2018),
('52.06.16.2003', 'Kuta', 4, NULL, 1, 2018),
('52.06.16.2004', 'Kanca', 4, NULL, 1, 2018),
('52.06.16.2005', 'Lere', 4, NULL, 1, 2018),
('52.06.17.0000', 'Lambitu', 3, NULL, 1, 2018),
('52.06.17.2001', 'Kabaro', 4, NULL, 1, 2018),
('52.06.17.2002', 'Kuta', 4, NULL, 1, 2018),
('52.06.17.2003', 'Sambori', 4, NULL, 1, 2018),
('52.06.17.2004', 'Teta', 4, NULL, 1, 2018),
('52.06.17.2005', 'Ka\'owa', 4, NULL, 1, 2018),
('52.06.17.2006', 'Londu', 4, NULL, 1, 2018),
('52.06.18.0000', 'Palibelo', 3, NULL, 1, 2018),
('52.06.18.2001', 'Panda', 4, NULL, 1, 2018),
('52.06.18.2002', 'Belo', 4, NULL, 1, 2018),
('52.06.18.2003', 'Tolongondoa', 4, NULL, 1, 2018),
('52.06.18.2004', 'Tonggorisa', 4, NULL, 1, 2018),
('52.06.18.2005', 'Teke', 4, NULL, 1, 2018),
('52.06.18.2006', 'Ntonggu', 4, NULL, 1, 2018),
('52.06.18.2007', 'Nata', 4, NULL, 1, 2018),
('52.06.18.2008', 'Dore', 4, NULL, 1, 2018),
('52.06.18.2009', 'Roi', 4, NULL, 1, 2018),
('52.06.18.2011', 'Ragi', 4, NULL, 1, 2018),
('52.06.18.2012', 'Padolo', 4, NULL, 1, 2018),
('52.06.18.2013', 'Bre', 4, NULL, 1, 2018),
('52.07.00.0000', 'KAB. SUMBAWA BARAT', 2, NULL, 1, 2018),
('52.07.01.0000', 'Jereweh', 3, NULL, 1, 2018);
INSERT INTO `daerah` (`id`, `nama`, `level`, `path`, `berlaku`, `tahun`) VALUES
('52.07.01.2001', 'Goa', 4, NULL, 1, 2018),
('52.07.01.2002', 'Belo', 4, NULL, 1, 2018),
('52.07.01.2003', 'Beru', 4, NULL, 1, 2018),
('52.07.01.2009', 'Dasan Anyar', 4, NULL, 1, 2018),
('52.07.02.0000', 'Taliwang', 3, NULL, 1, 2018),
('52.07.02.1004', 'Menala', 4, NULL, 1, 2018),
('52.07.02.1005', 'Kuang', 4, NULL, 1, 2018),
('52.07.02.1006', 'Bugis', 4, NULL, 1, 2018),
('52.07.02.1007', 'Dalam', 4, NULL, 1, 2018),
('52.07.02.1008', 'Sampir', 4, NULL, 1, 2018),
('52.07.02.1012', 'Telaga Bertong', 4, NULL, 1, 2018),
('52.07.02.1019', 'Arab Kenangan', 4, NULL, 1, 2018),
('52.07.02.2001', 'Labuhan Lalar', 4, NULL, 1, 2018),
('52.07.02.2009', 'Lalar Liang', 4, NULL, 1, 2018),
('52.07.02.2010', 'Labuhan Kertasari', 4, NULL, 1, 2018),
('52.07.02.2011', 'Seloto', 4, NULL, 1, 2018),
('52.07.02.2013', 'Tamekan', 4, NULL, 1, 2018),
('52.07.02.2014', 'Banjar', 4, NULL, 1, 2018),
('52.07.02.2015', 'Batu Putih', 4, NULL, 1, 2018),
('52.07.02.2020', 'Sermong', 4, NULL, 1, 2018),
('52.07.03.0000', 'Seteluk', 3, NULL, 1, 2018),
('52.07.03.2001', 'Meraran', 4, NULL, 1, 2018),
('52.07.03.2002', 'Air Suning', 4, NULL, 1, 2018),
('52.07.03.2003', 'Rempe', 4, NULL, 1, 2018),
('52.07.03.2004', 'Seteluk Atas', 4, NULL, 1, 2018),
('52.07.03.2005', 'Seteluk Tengah', 4, NULL, 1, 2018),
('52.07.03.2008', 'Kelanir', 4, NULL, 1, 2018),
('52.07.03.2011', 'Tapir', 4, NULL, 1, 2018),
('52.07.03.2013', 'Lamusung', 4, NULL, 1, 2018),
('52.07.03.2014', 'Seran', 4, NULL, 1, 2018),
('52.07.03.2015', 'Desaloka', 4, NULL, 1, 2018),
('52.07.04.0000', 'Sekongkang', 3, NULL, 1, 2018),
('52.07.04.2001', 'Sekongkang Atas', 4, NULL, 1, 2018),
('52.07.04.2002', 'Sekongkang Bawah', 4, NULL, 1, 2018),
('52.07.04.2003', 'Tongo', 4, NULL, 1, 2018),
('52.07.04.2004', 'Ai Kangkung', 4, NULL, 1, 2018),
('52.07.04.2005', 'Tatar', 4, NULL, 1, 2018),
('52.07.04.2006', 'Talonang Baru', 4, NULL, 1, 2018),
('52.07.04.2007', 'Kemuning', 4, NULL, 1, 2018),
('52.07.05.0000', 'Brang Rea', 3, NULL, 1, 2018),
('52.07.05.2001', 'Desa Beru', 4, NULL, 1, 2018),
('52.07.05.2002', 'Tepas', 4, NULL, 1, 2018),
('52.07.05.2003', 'Bangkat Monteh', 4, NULL, 1, 2018),
('52.07.05.2004', 'Sapugara Bree', 4, NULL, 1, 2018),
('52.07.05.2005', 'Tepas Sepakat', 4, NULL, 1, 2018),
('52.07.05.2006', 'Lamuntet', 4, NULL, 1, 2018),
('52.07.05.2007', 'Rarak Ronges', 4, NULL, 1, 2018),
('52.07.05.2008', 'Moteng', 4, NULL, 1, 2018),
('52.07.05.2009', 'Seminar Salit', 4, NULL, 1, 2018),
('52.07.06.0000', 'Poto Tano', 3, NULL, 1, 2018),
('52.07.06.2001', 'Senayan', 4, NULL, 1, 2018),
('52.07.06.2002', 'Mantar', 4, NULL, 1, 2018),
('52.07.06.2003', 'Kiantar', 4, NULL, 1, 2018),
('52.07.06.2004', 'Poto Tano', 4, NULL, 1, 2018),
('52.07.06.2005', 'UPT Tambak Sari', 4, NULL, 1, 2018),
('52.07.06.2006', 'Kokarlian', 4, NULL, 1, 2018),
('52.07.06.2007', 'Tebo', 4, NULL, 1, 2018),
('52.07.06.2008', 'Tuananga', 4, NULL, 1, 2018),
('52.07.07.0000', 'Brang Ene', 3, NULL, 1, 2018),
('52.07.07.2001', 'Mura', 4, NULL, 1, 2018),
('52.07.07.2002', 'Kalimantong', 4, NULL, 1, 2018),
('52.07.07.2003', 'Lampok', 4, NULL, 1, 2018),
('52.07.07.2004', 'Manemeng', 4, NULL, 1, 2018),
('52.07.07.2005', 'Mujahiddin', 4, NULL, 1, 2018),
('52.07.07.2006', 'Mataiyang', 4, NULL, 1, 2018),
('52.07.08.0000', 'Maluk', 3, NULL, 1, 2018),
('52.07.08.2001', 'Maluk', 4, NULL, 1, 2018),
('52.07.08.2002', 'Benete', 4, NULL, 1, 2018),
('52.07.08.2003', 'Bukit Damai', 4, NULL, 1, 2018),
('52.07.08.2004', 'Mantun', 4, NULL, 1, 2018),
('52.07.08.2005', 'Pasir Putih', 4, NULL, 1, 2018),
('52.08.00.0000', 'KAB. LOMBOK UTARA', 2, NULL, 1, 2018),
('52.08.01.0000', 'Tanjung', 3, NULL, 1, 2018),
('52.08.01.2001', 'Tanjung', 4, NULL, 1, 2018),
('52.08.01.2002', 'Sokong', 4, NULL, 1, 2018),
('52.08.01.2003', 'Jenggala', 4, NULL, 1, 2018),
('52.08.01.2004', 'Tegal Maja', 4, NULL, 1, 2018),
('52.08.01.2005', 'Sigar Penjalin', 4, NULL, 1, 2018),
('52.08.01.2006', 'Medana', 4, NULL, 1, 2018),
('52.08.01.2007', 'Teniga', 4, NULL, 1, 2018),
('52.08.02.0000', 'Gangga', 3, NULL, 1, 2018),
('52.08.02.2001', 'Gondang', 4, NULL, 1, 2018),
('52.08.02.2002', 'Bentek', 4, NULL, 1, 2018),
('52.08.02.2003', 'Genggelang', 4, NULL, 1, 2018),
('52.08.02.2004', 'Rempek', 4, NULL, 1, 2018),
('52.08.02.2005', 'Sambik Bangkol', 4, NULL, 1, 2018),
('52.08.03.0000', 'Kayangan', 3, NULL, 1, 2018),
('52.08.03.2001', 'Kayangan', 4, NULL, 1, 2018),
('52.08.03.2002', 'Santong', 4, NULL, 1, 2018),
('52.08.03.2003', 'Selengen', 4, NULL, 1, 2018),
('52.08.03.2004', 'Sesait', 4, NULL, 1, 2018),
('52.08.03.2005', 'Gumantar', 4, NULL, 1, 2018),
('52.08.03.2006', 'Salut', 4, NULL, 1, 2018),
('52.08.03.2007', 'Dangiang', 4, NULL, 1, 2018),
('52.08.03.2008', 'Pendua', 4, NULL, 1, 2018),
('52.08.04.0000', 'Bayan', 3, NULL, 1, 2018),
('52.08.04.2001', 'Bayan', 4, NULL, 1, 2018),
('52.08.04.2002', 'Loloan', 4, NULL, 1, 2018),
('52.08.04.2003', 'Anyar', 4, NULL, 1, 2018),
('52.08.04.2004', 'Sukadana', 4, NULL, 1, 2018),
('52.08.04.2005', 'Akat Akar', 4, NULL, 1, 2018),
('52.08.04.2006', 'Senaru', 4, NULL, 1, 2018),
('52.08.04.2007', 'Mumbul Sari', 4, NULL, 1, 2018),
('52.08.04.2008', 'Sambik Elen', 4, NULL, 1, 2018),
('52.08.04.2009', 'Karang Bajo', 4, NULL, 1, 2018),
('52.08.05.0000', 'Pemenang', 3, NULL, 1, 2018),
('52.08.05.2001', 'Pemenang Timur', 4, NULL, 1, 2018),
('52.08.05.2002', 'Pemenang Barat', 4, NULL, 1, 2018),
('52.08.05.2003', 'Gili Indah', 4, NULL, 1, 2018),
('52.08.05.2004', 'Malaka', 4, NULL, 1, 2018),
('52.71.00.0000', 'KOTA MATARAM', 2, NULL, 1, 2018),
('52.71.01.0000', 'Ampenan', 3, NULL, 1, 2018),
('52.71.01.1004', 'Ampenan Selatan', 4, NULL, 1, 2018),
('52.71.01.1005', 'Ampenan Tengah', 4, NULL, 1, 2018),
('52.71.01.1006', 'Pejeruk', 4, NULL, 1, 2018),
('52.71.01.1007', 'Ampenan Utara', 4, NULL, 1, 2018),
('52.71.01.1008', 'Taman Sari', 4, NULL, 1, 2018),
('52.71.01.1009', 'Banjar', 4, NULL, 1, 2018),
('52.71.01.1010', 'Kebun Sari', 4, NULL, 1, 2018),
('52.71.01.1011', 'Pajarakan Karya', 4, NULL, 1, 2018),
('52.71.01.1012', 'Dayan Peken', 4, NULL, 1, 2018),
('52.71.01.1013', 'Bintaro', 4, NULL, 1, 2018),
('52.71.02.0000', 'Mataram', 3, NULL, 1, 2018),
('52.71.02.1001', 'Pagesangan', 4, NULL, 1, 2018),
('52.71.02.1002', 'Mataram Timur', 4, NULL, 1, 2018),
('52.71.02.1008', 'Pagutan', 4, NULL, 1, 2018),
('52.71.02.1009', 'Pagesangan Barat', 4, NULL, 1, 2018),
('52.71.02.1010', 'Pagesangan Timur', 4, NULL, 1, 2018),
('52.71.02.1011', 'Pejanggik', 4, NULL, 1, 2018),
('52.71.02.1012', 'Punia', 4, NULL, 1, 2018),
('52.71.02.1013', 'Pagutan Timur', 4, NULL, 1, 2018),
('52.71.02.1014', 'Pagutan Barat', 4, NULL, 1, 2018),
('52.71.03.0000', 'Cakranegara', 3, NULL, 1, 2018),
('52.71.03.1004', 'Cakranegara Selatan', 4, NULL, 1, 2018),
('52.71.03.1005', 'Cakranegara Barat', 4, NULL, 1, 2018),
('52.71.03.1006', 'Cakranegara Timur', 4, NULL, 1, 2018),
('52.71.03.1007', 'Cakranegara Utara', 4, NULL, 1, 2018),
('52.71.03.1009', 'Sayang-sayang', 4, NULL, 1, 2018),
('52.71.03.1010', 'Cakranegara Selatan Baru', 4, NULL, 1, 2018),
('52.71.03.1011', 'Sapta Marga', 4, NULL, 1, 2018),
('52.71.03.1012', 'Cilinaya', 4, NULL, 1, 2018),
('52.71.03.1013', 'Mayura', 4, NULL, 1, 2018),
('52.71.03.1014', 'Karang Taliwang', 4, NULL, 1, 2018),
('52.71.04.0000', 'Sekarbela', 3, NULL, 1, 2018),
('52.71.04.1001', 'Karang Pule', 4, NULL, 1, 2018),
('52.71.04.1002', 'Tanjung Karang', 4, NULL, 1, 2018),
('52.71.04.1003', 'Jempong Baru', 4, NULL, 1, 2018),
('52.71.04.1004', 'Tanjung Karang Permai', 4, NULL, 1, 2018),
('52.71.04.1005', 'Kekalik Jaya', 4, NULL, 1, 2018),
('52.71.05.0000', 'Selaprang', 3, NULL, 1, 2018),
('52.71.05.1001', 'Mataram Barat', 4, NULL, 1, 2018),
('52.71.05.1002', 'Dasan Agung', 4, NULL, 1, 2018),
('52.71.05.1003', 'Monjok', 4, NULL, 1, 2018),
('52.71.05.1004', 'Karang Baru', 4, NULL, 1, 2018),
('52.71.05.1005', 'Rembiga', 4, NULL, 1, 2018),
('52.71.05.1006', 'Gomong', 4, NULL, 1, 2018),
('52.71.05.1007', 'Dasan Agung Baru', 4, NULL, 1, 2018),
('52.71.05.1008', 'Monjok Timur', 4, NULL, 1, 2018),
('52.71.05.1009', 'Monjok Barat', 4, NULL, 1, 2018),
('52.71.06.0000', 'Sandubaya', 3, NULL, 1, 2018),
('52.71.06.1001', 'Dasan Cermen', 4, NULL, 1, 2018),
('52.71.06.1002', 'Babakan', 4, NULL, 1, 2018),
('52.71.06.1003', 'Bertais', 4, NULL, 1, 2018),
('52.71.06.1004', 'Selagalas', 4, NULL, 1, 2018),
('52.71.06.1005', 'Abian Tubuh Baru', 4, NULL, 1, 2018),
('52.71.06.1006', 'Turida', 4, NULL, 1, 2018),
('52.71.06.1007', 'Mandalika', 4, NULL, 1, 2018),
('52.72.00.0000', 'KOTA BIMA', 2, NULL, 1, 2018),
('52.72.01.0000', 'RasanaE Barat', 3, NULL, 1, 2018),
('52.72.01.1001', 'Paruga', 4, NULL, 1, 2018),
('52.72.01.1002', 'NaE', 4, NULL, 1, 2018),
('52.72.01.1003', 'SaraE', 4, NULL, 1, 2018),
('52.72.01.1004', 'Tanjung', 4, NULL, 1, 2018),
('52.72.01.1013', 'Pane', 4, NULL, 1, 2018),
('52.72.01.1014', 'Dara', 4, NULL, 1, 2018),
('52.72.02.0000', 'RasanaE Timur', 3, NULL, 1, 2018),
('52.72.02.1004', 'Kumbe', 4, NULL, 1, 2018),
('52.72.02.1008', 'Lampe', 4, NULL, 1, 2018),
('52.72.02.1009', 'Dodu', 4, NULL, 1, 2018),
('52.72.02.1011', 'Nungga', 4, NULL, 1, 2018),
('52.72.02.1018', 'Kodo', 4, NULL, 1, 2018),
('52.72.02.1019', 'Oi Fo\'o', 4, NULL, 1, 2018),
('52.72.02.1020', 'Lelamase', 4, NULL, 1, 2018),
('52.72.03.0000', 'Asakota', 3, NULL, 1, 2018),
('52.72.03.1001', 'Melayu', 4, NULL, 1, 2018),
('52.72.03.1002', 'Jatiwangi', 4, NULL, 1, 2018),
('52.72.03.1003', 'Jatibaru', 4, NULL, 1, 2018),
('52.72.03.1004', 'Kolo', 4, NULL, 1, 2018),
('52.72.04.0000', 'Raba', 3, NULL, 1, 2018),
('52.72.04.1001', 'Penaraga', 4, NULL, 1, 2018),
('52.72.04.1002', 'Rontu', 4, NULL, 1, 2018),
('52.72.04.1003', 'PenanaE', 4, NULL, 1, 2018),
('52.72.04.1004', 'Kendo', 4, NULL, 1, 2018),
('52.72.04.1005', 'Ntobo', 4, NULL, 1, 2018),
('52.72.04.1006', 'Nitu', 4, NULL, 1, 2018),
('52.72.04.1007', 'Rabangodu Selatan', 4, NULL, 1, 2018),
('52.72.04.1008', 'Rabadompu Timur', 4, NULL, 1, 2018),
('52.72.04.1009', 'Rite', 4, NULL, 1, 2018),
('52.72.04.1010', 'Rabadompu Barat', 4, NULL, 1, 2018),
('52.72.04.1011', 'Rabangodu Utara', 4, NULL, 1, 2018),
('52.72.05.0000', 'Mpunda', 3, NULL, 1, 2018),
('52.72.05.1001', 'Monggonao', 4, NULL, 1, 2018),
('52.72.05.1002', 'Sadia', 4, NULL, 1, 2018),
('52.72.05.1003', 'Santi', 4, NULL, 1, 2018),
('52.72.05.1004', 'Sambinae', 4, NULL, 1, 2018),
('52.72.05.1005', 'Penatoi', 4, NULL, 1, 2018),
('52.72.05.1006', 'Lewirato', 4, NULL, 1, 2018),
('52.72.05.1007', 'Mande', 4, NULL, 1, 2018),
('52.72.05.1008', 'Panggi', 4, NULL, 1, 2018),
('52.72.05.1009', 'Manggemaci', 4, NULL, 1, 2018),
('52.72.05.1010', 'Matakando', 4, NULL, 1, 2018);

-- --------------------------------------------------------

--
-- Struktur dari tabel `infrastruktur`
--

CREATE TABLE `infrastruktur` (
  `id_infrastruktur` int NOT NULL,
  `nama_barang` varchar(200) NOT NULL,
  `merk` varchar(200) NOT NULL,
  `mac` varchar(100) NOT NULL,
  `jumlah` int NOT NULL,
  `satuan` varchar(100) NOT NULL,
  `kondisi` text NOT NULL,
  `keterangan` text CHARACTER SET utf8mb4 COLLATE utf8mb4_0900_ai_ci NOT NULL,
  `id_wilayah` int NOT NULL
) ENGINE=InnoDB DEFAULT CHARSET=utf8mb4 COLLATE=utf8mb4_0900_ai_ci;

--
-- Dumping data untuk tabel `infrastruktur`
--

INSERT INTO `infrastruktur` (`id_infrastruktur`, `nama_barang`, `merk`, `mac`, `jumlah`, `satuan`, `kondisi`, `keterangan`, `id_wilayah`) VALUES
(6, 'tes ahmad', 'SC - LC', 'ads', 0, '', '', '', 3),
(7, 'aku', 'aku', '', 0, '', '', '', 3),
(8, 'ahmad trawangan', '-', '', 0, '', '', '', 2);

-- --------------------------------------------------------

--
-- Struktur dari tabel `log`
--

CREATE TABLE `log` (
  `log_id` int NOT NULL,
  `username` varchar(255) DEFAULT NULL,
  `aksi` varchar(255) NOT NULL,
  `keyword` text,
  `browser` varchar(200) DEFAULT NULL,
  `os` varchar(200) DEFAULT NULL,
  `tanggal` datetime NOT NULL
) ENGINE=InnoDB DEFAULT CHARSET=utf8mb4 COLLATE=utf8mb4_0900_ai_ci;

--
-- Dumping data untuk tabel `log`
--

INSERT INTO `log` (`log_id`, `username`, `aksi`, `keyword`, `browser`, `os`, `tanggal`) VALUES
(14, 'ahmad', 'login berhasil', 'ahmad', 'Chrome', 'Linux', '2021-04-19 13:52:14'),
(15, 'ahmad', 'logout', 'berhasil', 'Chrome', 'Linux', '2021-04-19 13:53:42'),
(16, 'admin', 'login berhasil', 'admin', 'Chrome', 'Linux', '2021-04-19 13:54:41'),
(17, 'admin', 'Reset User', 'operator', 'Chrome', 'Linux', '2021-04-19 14:07:13'),
(18, 'admin', 'logout', 'berhasil', 'Chrome', 'Linux', '2021-04-19 14:07:19'),
(19, 'operator', 'login berhasil', 'operator', 'Chrome', 'Linux', '2021-04-19 14:07:25'),
(20, 'admin', 'login berhasil', 'admin', 'Chrome', 'Linux', '2021-04-19 16:00:58'),
(21, 'admin', 'login berhasil', 'admin', 'Chrome', 'Linux', '2021-04-19 16:08:30'),
(22, 'admin', 'login gagal', 'ahmad', 'Chrome', 'Linux', '2021-04-21 22:36:09'),
(23, 'ahmad', 'login berhasil', 'ahmad', 'Chrome', 'Linux', '2021-04-21 22:36:15'),
(24, '', 'login gagal', 'ahmad', 'Chrome', 'Linux', '2021-04-22 14:01:51'),
(25, 'admin', 'login berhasil', 'admin', 'Chrome', 'Linux', '2021-04-22 14:02:05'),
(26, 'admin', 'Ubah User', 'ahmad', 'Chrome', 'Linux', '2021-04-22 14:38:17'),
(27, 'admin', 'logout', 'berhasil', 'Chrome', 'Linux', '2021-04-22 14:39:49'),
(28, '', 'login gagal', 'ahmad', 'Chrome', 'Linux', '2021-04-22 14:39:53'),
(29, 'ahmad', 'login berhasil', 'ahmad', 'Chrome', 'Linux', '2021-04-22 14:39:59'),
(30, 'ahmad', 'Reset User', 'operator', 'Chrome', 'Linux', '2021-04-22 14:40:58'),
(31, 'ahmad', 'Ubah User', 'pelanggan', 'Chrome', 'Linux', '2021-04-22 14:41:25'),
(32, 'ahmad', 'Tambah User', 'zul', 'Chrome', 'Linux', '2021-04-22 14:49:46'),
(33, 'ahmad', 'Tambah User', 'aku', 'Chrome', 'Linux', '2021-04-22 16:10:03'),
(34, 'ahmad', 'Ubah User', 'aku', 'Chrome', 'Linux', '2021-04-22 16:10:24'),
(35, 'ahmad', 'Hapus User', 'aku', 'Chrome', 'Linux', '2021-04-22 16:10:35'),
(36, 'ahmad', 'logout', 'berhasil', 'Chrome', 'Linux', '2021-04-22 16:21:53'),
(37, 'zul', 'login berhasil', 'zul', 'Chrome', 'Linux', '2021-04-22 16:21:58'),
(38, 'zul', 'logout', 'berhasil', 'Chrome', 'Linux', '2021-04-22 16:22:08'),
(39, 'ahmad', 'login berhasil', 'ahmad', 'Chrome', 'Linux', '2021-04-22 16:22:11'),
(40, 'ahmad', 'Tambah User', 'ada', 'Chrome', 'Linux', '2021-04-22 16:22:38'),
(41, 'ahmad', 'logout', 'berhasil', 'Chrome', 'Linux', '2021-04-22 16:23:27'),
(42, 'zul', 'login berhasil', 'zul', 'Chrome', 'Linux', '2021-04-22 16:23:31'),
(43, 'zul', 'logout', 'berhasil', 'Chrome', 'Linux', '2021-04-22 16:23:42'),
(44, 'ada', 'login berhasil', 'ada', 'Chrome', 'Linux', '2021-04-22 16:23:45'),
(45, 'ada', 'logout', 'berhasil', 'Chrome', 'Linux', '2021-04-22 16:24:28'),
(46, 'ahmad', 'login berhasil', 'ahmad', 'Chrome', 'Linux', '2021-04-22 16:24:31'),
(47, 'ahmad', 'logout', 'berhasil', 'Chrome', 'Linux', '2021-04-22 16:24:40'),
(48, 'zul', 'login berhasil', 'zul', 'Chrome', 'Linux', '2021-04-22 16:24:44'),
(49, 'zul', 'logout', 'berhasil', 'Chrome', 'Linux', '2021-04-22 16:25:41'),
(50, 'ahmad', 'login berhasil', 'ahmad', 'Chrome', 'Linux', '2021-04-22 16:25:45'),
(51, 'ahmad', 'logout', 'berhasil', 'Chrome', 'Linux', '2021-04-22 16:27:40'),
(52, 'zul', 'login berhasil', 'zul', 'Chrome', 'Linux', '2021-04-22 16:27:44'),
(53, 'zul', 'logout', 'berhasil', 'Chrome', 'Linux', '2021-04-22 17:07:58'),
(54, 'admin', 'login berhasil', 'admin', 'Chrome', 'Linux', '2021-04-22 17:08:01'),
(55, 'admin', 'Ubah User', 'admin', 'Chrome', 'Linux', '2021-04-22 17:08:50'),
(56, 'admin', 'logout', 'berhasil', 'Chrome', 'Linux', '2021-04-22 17:08:58'),
(57, 'admin', 'login berhasil', 'admin', 'Chrome', 'Linux', '2021-04-22 17:09:01'),
(58, 'admin', 'logout', 'berhasil', 'Chrome', 'Linux', '2021-04-22 17:09:44'),
(59, 'zul', 'login berhasil', 'zul', 'Chrome', 'Linux', '2021-04-22 17:09:48'),
(60, 'zul', 'logout', 'berhasil', 'Chrome', 'Linux', '2021-04-22 17:10:36'),
(61, 'ahmad', 'login berhasil', 'ahmad', 'Chrome', 'Linux', '2021-04-22 17:10:40'),
(62, 'ahmad', 'logout', 'berhasil', 'Chrome', 'Linux', '2021-04-22 17:11:48'),
(63, 'ada', 'login berhasil', 'ada', 'Chrome', 'Linux', '2021-04-22 17:11:51'),
(64, 'ada', 'logout', 'berhasil', 'Chrome', 'Linux', '2021-04-22 17:17:12'),
(65, 'admin', 'login berhasil', 'admin', 'Chrome', 'Linux', '2021-04-22 17:17:16'),
(66, 'zul', 'login berhasil', 'zul', 'Chrome', 'Linux', '2021-04-22 19:46:16'),
(67, 'zul', 'logout', 'berhasil', 'Chrome', 'Linux', '2021-04-22 20:19:20'),
(68, 'ahmad', 'login berhasil', 'ahmad', 'Chrome', 'Linux', '2021-04-22 20:19:24'),
(69, 'ahmad', 'logout', 'berhasil', 'Chrome', 'Linux', '2021-04-22 20:20:53'),
(70, 'ada', 'login berhasil', 'ada', 'Chrome', 'Linux', '2021-04-22 20:20:56'),
(71, 'ada', 'logout', 'berhasil', 'Chrome', 'Linux', '2021-04-22 20:28:22'),
(72, 'ahmad', 'login berhasil', 'ahmad', 'Chrome', 'Linux', '2021-04-22 20:28:25'),
(73, 'ahmad', 'Tambah Pelanggan', 'ad1', 'Chrome', 'Linux', '2021-04-22 23:35:57'),
(74, 'ahmad', 'Tambah Pelanggan', 'ada2 tes', 'Chrome', 'Linux', '2021-04-22 23:38:24'),
(75, 'ahmad', 'Tambah Pelanggan', 'ad1', 'Chrome', 'Linux', '2021-04-22 23:39:21'),
(76, 'ahmad', 'Ubah Pelanggan', 'ad1', 'Chrome', 'Linux', '2021-04-22 23:41:53'),
(77, 'ahmad', 'Hapus Pelanggan', '4uDinNHhnP5KTKhv11hf2x6oINo02CesAYsyi027c9faIsbz03', 'Chrome', 'Linux', '2021-04-22 23:42:05'),
(78, 'ahmad', 'Hapus Pelanggan', 'VSjeEbKJp4JkhoYFNtgzIz00puzlul6UQcJOcFrJRkGKDnCfJJ', 'Chrome', 'Linux', '2021-04-22 23:42:14'),
(79, 'ahmad', 'Hapus Pelanggan', 'tleFOiIbMVRpkAvxHJuAXdkNRerWaPFFM6DB0WH0elFRmjTo4a', 'Chrome', 'Linux', '2021-04-22 23:42:21'),
(80, 'ahmad', 'Hapus Pelanggan', 'mTRw20IWXOC9cIJpYiyotifRpDTQ02N9H2ZgHYvOOQevYesm6c', 'Chrome', 'Linux', '2021-04-22 23:42:31'),
(81, 'ahmad', 'Hapus Pelanggan', 'grtVnyCi2ycmpHGoDMORZIjVMdHdlp9QIUXPMGrrvaRGbEB2CD', 'Chrome', 'Linux', '2021-04-22 23:42:50'),
(82, 'ahmad', 'Ubah Pelanggan', 'tes 1', 'Chrome', 'Linux', '2021-04-22 23:43:51'),
(83, 'ahmad', 'logout', 'berhasil', 'Chrome', 'Linux', '2021-04-22 23:44:12'),
(84, 'zul', 'login berhasil', 'zul', 'Chrome', 'Linux', '2021-04-22 23:44:17'),
(85, 'zul', 'Ubah Pelanggan', 'tes 2', 'Chrome', 'Linux', '2021-04-22 23:44:59'),
(86, 'zul', 'Print', 'Laporan/excel_pelanggan', 'Chrome', 'Linux', '2021-04-23 00:04:28'),
(87, 'zul', 'Print', 'Laporan/excel_pelanggan', 'Chrome', 'Linux', '2021-04-23 00:04:59'),
(88, 'zul', 'Print', 'Laporan/excel_pelanggan', 'Chrome', 'Linux', '2021-04-23 00:05:59'),
(89, 'zul', 'Print', 'Laporan/excel_pelanggan', 'Chrome', 'Linux', '2021-04-23 00:06:14'),
(90, 'zul', 'Print', 'Laporan/excel_pelanggan', 'Chrome', 'Linux', '2021-04-23 00:06:52'),
(91, 'zul', 'Print', 'Laporan/excel_pelanggan', 'Chrome', 'Linux', '2021-04-23 00:07:46'),
(92, 'zul', 'Print', 'Laporan/excel_pelanggan_korlap', 'Chrome', 'Linux', '2021-04-23 00:11:13'),
(93, 'zul', 'Print', 'Laporan/excel_pelanggan_korlap', 'Chrome', 'Linux', '2021-04-23 00:12:36'),
(94, 'zul', 'Print', 'Laporan/excel_pelanggan_korlap', 'Chrome', 'Linux', '2021-04-23 00:19:29'),
(95, 'zul', 'Print', 'Laporan/excel_pelanggan_korlap', 'Chrome', 'Linux', '2021-04-23 00:20:30'),
(96, 'zul', 'Print', 'Laporan/excel_pelanggan_korlap', 'Chrome', 'Linux', '2021-04-23 00:21:09'),
(97, 'zul', 'Print', 'Laporan/excel_pelanggan', 'Chrome', 'Linux', '2021-04-23 00:21:19'),
(98, '', 'login gagal', 'ahmad', 'Chrome', 'Linux', '2021-04-23 05:55:17'),
(99, '', 'login gagal', 'asdad', 'Chrome', 'Linux', '2021-04-23 05:55:22'),
(100, '', 'login gagal', 'ahmad', 'Chrome', 'Linux', '2021-04-23 05:55:28'),
(101, '', 'login gagal', 'ahmad', 'Chrome', 'Linux', '2021-04-23 05:55:34'),
(102, 'ahmad', 'login berhasil', 'ahmad', 'Chrome', 'Linux', '2021-04-23 05:55:40'),
(103, 'ahmad', 'Tambah User', '', 'Chrome', 'Linux', '2021-04-23 05:56:05'),
(104, 'ahmad', 'Hapus User', '', 'Chrome', 'Linux', '2021-04-23 05:56:11'),
(105, 'ahmad', 'logout', 'berhasil', 'Chrome', 'Linux', '2021-04-23 05:58:05'),
(106, '', 'login gagal', 'jg', 'Chrome', 'Linux', '2021-04-23 05:58:14'),
(107, '', 'login gagal', 'jhjhhjg', 'Chrome', 'Linux', '2021-04-23 05:58:19'),
(108, '', 'login gagal', 'jhghjg', 'Chrome', 'Linux', '2021-04-23 05:58:25'),
(109, '', 'login gagal', 'jhghjg', 'Chrome', 'Linux', '2021-04-23 05:58:30'),
(110, '', 'login gagal', 'jhbhg', 'Chrome', 'Linux', '2021-04-23 05:58:35'),
(111, '', 'login gagal', 'fhfggh', 'Chrome', 'Linux', '2021-04-23 05:58:41'),
(112, '', 'login gagal', 'gfhfgh', 'Chrome', 'Linux', '2021-04-23 05:58:46'),
(113, '', 'login gagal', 'fghgfh', 'Chrome', 'Linux', '2021-04-23 05:58:52'),
(114, '', 'login gagal', 'hgfhg', 'Chrome', 'Linux', '2021-04-23 05:58:58'),
(115, '', 'login gagal', 'kjhjh', 'Chrome', 'Linux', '2021-04-23 06:00:51'),
(116, '', 'login gagal', 'kjhkjh', 'Chrome', 'Linux', '2021-04-23 06:00:56'),
(117, 'ada', 'login berhasil', 'ada', 'Chrome', 'Linux', '2021-04-23 06:20:54'),
(118, 'ada', 'logout', 'berhasil', 'Chrome', 'Linux', '2021-04-23 06:20:59'),
(119, 'admin', 'login berhasil', 'admin', 'Chrome', 'Linux', '2021-04-23 06:31:26'),
(120, 'admin', 'Ubah Penerima', 'NIYAZ Net', 'Chrome', 'Linux', '2021-04-23 06:32:56'),
(121, 'admin', 'Ubah Penerima', 'NIYAZ Net', 'Chrome', 'Linux', '2021-04-23 06:33:12'),
(122, 'admin', 'Ubah Penerima', 'NIYAZ Net', 'Chrome', 'Linux', '2021-04-23 06:36:20'),
(123, 'admin', 'logout', 'berhasil', 'Chrome', 'Linux', '2021-04-23 07:01:48'),
(124, 'admin', 'login berhasil', 'admin', 'Chrome', 'Linux', '2021-04-23 07:14:32'),
(125, 'admin', 'logout', 'berhasil', 'Chrome', 'Linux', '2021-04-23 07:14:36'),
(126, 'ahmad', 'login berhasil', 'ahmad', 'Chrome', 'Linux', '2021-04-23 14:25:58'),
(127, 'ahmad', 'login berhasil', 'ahmad', 'Chrome', 'Linux', '2021-04-23 23:50:42'),
(128, 'ahmad', 'login berhasil', 'ahmad', 'Chrome', 'Linux', '2021-04-28 13:40:44'),
(129, 'ahmad', 'logout', 'berhasil', 'Chrome', 'Linux', '2021-04-28 14:23:39'),
(130, 'zul', 'login berhasil', 'zul', 'Chrome', 'Linux', '2021-04-28 14:23:45'),
(131, 'admin', 'login berhasil', 'admin', 'Chrome', 'Linux', '2021-05-02 08:18:01'),
(132, 'admin', 'logout', 'berhasil', 'Chrome', 'Linux', '2021-05-02 08:33:09'),
(133, 'zul', 'login berhasil', 'zul', 'Chrome', 'Linux', '2021-05-02 08:33:13'),
(134, 'zul', 'logout', 'berhasil', 'Chrome', 'Linux', '2021-05-02 08:34:27'),
(135, 'admin', 'login berhasil', 'admin', 'Chrome', 'Linux', '2021-05-02 08:34:31'),
(136, 'admin', 'logout', 'berhasil', 'Chrome', 'Linux', '2021-05-02 08:36:15'),
(137, 'zul', 'login berhasil', 'zul', 'Chrome', 'Linux', '2021-05-02 08:36:20'),
(138, 'zul', 'logout', 'berhasil', 'Chrome', 'Linux', '2021-05-02 08:36:47'),
(139, 'admin', 'login berhasil', 'admin', 'Chrome', 'Linux', '2021-05-02 08:36:50'),
(140, 'admin', 'Print', 'Laporan/excel_pelanggan_korlap', 'Chrome', 'Linux', '2021-05-02 08:37:46'),
(141, 'admin', 'Tambah Pelanggan', 'ada deh', 'Chrome', 'Linux', '2021-05-02 08:46:29'),
(142, 'admin', 'Tambah Pelanggan', 'ada deh', 'Chrome', 'Linux', '2021-05-02 09:01:23'),
(143, 'admin', 'logout', 'berhasil', 'Chrome', 'Linux', '2021-05-02 09:04:16'),
(144, 'zul', 'login berhasil', 'zul', 'Chrome', 'Linux', '2021-05-02 09:04:20'),
(145, 'zul', 'Tambah Pelanggan', 'jhghjg', 'Chrome', 'Linux', '2021-05-02 09:10:07'),
(146, 'zul', 'Ubah Pelanggan', 'tes 2', 'Chrome', 'Linux', '2021-05-02 09:11:36'),
(147, 'zul', 'Tambah Pelanggan', 'jhghjgh', 'Chrome', 'Linux', '2021-05-02 09:19:37'),
(148, 'zul', 'Tambah Pelanggan', 'ketikanmd', 'Chrome', 'Linux', '2021-05-02 09:20:04'),
(149, 'zul', 'Ubah Pelanggan', 'ketikanmd', 'Chrome', 'Linux', '2021-05-02 09:21:37'),
(150, 'zul', 'Ubah Pelanggan', 'jhghjgh', 'Chrome', 'Linux', '2021-05-02 09:24:26'),
(151, 'zul', 'Tambah Pelanggan', 'ahmad', 'Chrome', 'Linux', '2021-05-02 09:25:35'),
(152, 'zul', 'Ubah Pelanggan', 'ahmad lagi', 'Chrome', 'Linux', '2021-05-02 09:25:55'),
(153, 'zul', 'Ubah Pelanggan', 'ahmad lagi', 'Chrome', 'Linux', '2021-05-02 09:26:08'),
(154, 'zul', 'Hapus Pelanggan', 'dywqWJj4edistoQkwG5m1KzSodOACUMCqzijajIxcgFl8wXKgm', 'Chrome', 'Linux', '2021-05-02 09:26:51'),
(155, 'zul', 'Hapus Pelanggan', 'BEdEh2OgzMAlmKpvz92UR453xJDyXSBq0s7vDSKKqhSZCcV1b8', 'Chrome', 'Linux', '2021-05-02 09:29:04'),
(156, 'zul', 'Hapus Pelanggan', '2', 'Chrome', 'Linux', '2021-05-02 09:29:11'),
(157, 'zul', 'Tambah Pelanggan', 'jhjghjg', 'Chrome', 'Linux', '2021-05-02 09:30:35'),
(158, 'zul', 'Hapus Pelanggan', 'Zfe8grsDuVBmvARGqJAHgMe1otm2LEmDmpez2Lt9yvrkbO9u8v', 'Chrome', 'Linux', '2021-05-02 09:30:43'),
(159, 'zul', 'Tambah Pelanggan', 'jhjghjg', 'Chrome', 'Linux', '2021-05-02 09:32:06'),
(160, 'zul', 'Tambah Pelanggan', 'jhghjgjg', 'Chrome', 'Linux', '2021-05-02 09:34:04'),
(161, 'zul', 'Hapus Pelanggan', 'N6jS2MjzWpMLmElcaiUggtfQiaApKA40QEgcimw7sfV73titGa', 'Chrome', 'Linux', '2021-05-02 09:34:11'),
(162, 'zul', 'Tambah Pelanggan', 'jhjg', 'Chrome', 'Linux', '2021-05-02 09:34:48'),
(163, 'zul', 'Hapus Pelanggan', 'pQU2SPdRp7HRB7VvrXFOWULU7SeGbmjjo380EEFQQZNIUU6Vqj', 'Chrome', 'Linux', '2021-05-02 09:34:55'),
(164, 'zul', 'Tambah Pelanggan', 'jhgjghjghjg', 'Chrome', 'Linux', '2021-05-02 09:35:42'),
(165, 'zul', 'Hapus Pelanggan', 'RMDjuF6swKas9SDceWLlOqyWbopFjTStbTHjNPBqee7nef8eL6', 'Chrome', 'Linux', '2021-05-02 09:35:49'),
(166, 'zul', 'logout', 'berhasil', 'Chrome', 'Linux', '2021-05-02 09:36:26'),
(167, 'admin', 'login berhasil', 'admin', 'Chrome', 'Linux', '2021-05-02 09:36:29'),
(168, 'admin', 'Tambah Pelanggan', 'zul', 'Chrome', 'Linux', '2021-05-02 09:37:24'),
(169, 'admin', 'logout', 'berhasil', 'Chrome', 'Linux', '2021-05-02 09:41:15'),
(170, 'zul', 'login berhasil', 'zul', 'Chrome', 'Linux', '2021-05-02 09:41:19'),
(171, 'zul', 'logout', 'berhasil', 'Chrome', 'Linux', '2021-05-02 09:41:39'),
(172, 'admin', 'login berhasil', 'admin', 'Chrome', 'Linux', '2021-05-02 09:41:41'),
(173, 'admin', 'Tambah Infrastruktur', 'tes ahmad', 'Chrome', 'Linux', '2021-05-02 10:10:51'),
(174, 'admin', 'Tambah Infrastruktur', 'aku', 'Chrome', 'Linux', '2021-05-02 10:12:06'),
(175, 'admin', 'Tambah Infrastruktur', 'ahmad trawangan', 'Chrome', 'Linux', '2021-05-02 10:15:49'),
(176, 'admin', 'Ubah Infrastruktur', 'nama trawangan', 'Chrome', 'Linux', '2021-05-02 10:17:44'),
(177, 'admin', 'Hapus Infrastruktur', '', 'Chrome', 'Linux', '2021-05-02 10:20:05'),
(178, 'admin', 'Hapus Infrastruktur', '', 'Chrome', 'Linux', '2021-05-02 10:23:32'),
(179, 'admin', 'Hapus Infrastruktur', '', 'Chrome', 'Linux', '2021-05-02 10:23:44'),
(180, 'admin', 'login berhasil', 'admin', 'Chrome', 'Linux', '2021-05-16 09:56:49'),
(181, 'admin', 'Print', 'Laporan/excel_infrastruktur_wilayah', 'Chrome', 'Linux', '2021-05-16 10:26:11'),
(182, 'admin', 'Print', 'Laporan/excel_infrastruktur_wilayah', 'Chrome', 'Linux', '2021-05-16 10:28:53'),
(183, 'admin', 'Tambah Wilayah', 'mataram', 'Chrome', 'Linux', '2021-05-16 10:37:15'),
(184, 'admin', 'Hapus Wilayah', '', 'Chrome', 'Linux', '2021-05-16 10:37:27'),
(185, 'admin', 'Hapus Wilayah', '4', 'Chrome', 'Linux', '2021-05-16 10:38:45'),
(186, 'admin', 'Print', 'Laporan/excel_infrastruktur_wilayah', 'Chrome', 'Linux', '2021-05-16 10:39:28'),
(187, 'admin', 'Print', 'Laporan/excel_infrastruktur_wilayah', 'Chrome', 'Linux', '2021-05-16 10:39:57'),
(188, 'admin', 'Print', 'Laporan/excel_infrastruktur_wilayah', 'Chrome', 'Linux', '2021-05-16 10:41:02'),
(189, 'admin', 'Print', 'Laporan/excel_infrastruktur_wilayah', 'Chrome', 'Linux', '2021-05-16 10:41:47'),
(190, 'admin', 'Print', 'Laporan/excel_infrastruktur_wilayah', 'Chrome', 'Linux', '2021-05-16 10:42:43'),
(191, 'admin', 'login berhasil', 'admin', 'Chrome', 'Linux', '2021-05-17 21:19:57');

-- --------------------------------------------------------

--
-- Struktur dari tabel `pelanggan`
--

CREATE TABLE `pelanggan` (
  `id_pelanggan` varchar(100) NOT NULL,
  `nama_usaha` varchar(200) CHARACTER SET utf8mb4 COLLATE utf8mb4_0900_ai_ci NOT NULL,
  `pic` varchar(100) NOT NULL,
  `no_pic` varchar(100) NOT NULL,
  `jabatan` varchar(100) NOT NULL,
  `kabupaten` varchar(50) NOT NULL,
  `kecamatan` varchar(50) NOT NULL,
  `desa` varchar(100) NOT NULL,
  `alamat` text NOT NULL,
  `email` varchar(100) NOT NULL,
  `status` varchar(100) NOT NULL,
  `kategori` varchar(100) NOT NULL,
  `jenis` varchar(100) NOT NULL,
  `bandwidth` int NOT NULL,
  `id_korlap` varchar(150) NOT NULL,
  `create_by` varchar(100) DEFAULT NULL,
  `create_at` varchar(100) DEFAULT NULL,
  `update_by` varchar(100) DEFAULT NULL,
  `update_at` datetime NOT NULL DEFAULT CURRENT_TIMESTAMP
) ENGINE=InnoDB DEFAULT CHARSET=utf8mb4 COLLATE=utf8mb4_0900_ai_ci;

--
-- Dumping data untuk tabel `pelanggan`
--

INSERT INTO `pelanggan` (`id_pelanggan`, `nama_usaha`, `pic`, `no_pic`, `jabatan`, `kabupaten`, `kecamatan`, `desa`, `alamat`, `email`, `status`, `kategori`, `jenis`, `bandwidth`, `id_korlap`, `create_by`, `create_at`, `update_by`, `update_at`) VALUES
('4PwRyfZK7uR0k1nanUjnZXA5pY9rEDj7C4WCaOVLSp0b3urGam', 'ada2', 'ada2', '', 'ada2', '52.08.00.0000', '52.08.03.0000', '52.08.03.2001', 'ada2', 'ada2', 'ada2', 'ada2', 'ada2', 2, 'VFnCcbzI3u1nM8YUYUM7ziEPAiviFGCWNCVveXBCnWf5ExSLQdCiMFsCARROR27UwknccjNCibtrkpgsDXbLMGUria1hTVgvlQSV', 'ada', '2021-04-22 08:21:32', NULL, '2021-04-22 12:21:32'),
('cNpnshtKLiL4595Hkh5qWe10PZvesrDT046MBFdVx5wkg4zOoj', 'ada deh', '78687', '7867676', 'kjhkjh', '52.06.00.0000', '52.06.10.0000', '52.06.10.2006', 'jhhjhjg', 'ahmad1510520140@gmail.com', 'kjhjk', 'jhgjg', 'jenis', 8, '4787c38ad8940799b49771308539e9620cbc48cdb9bb1d321597d00f2ee99522da6173d4a9bd52098202339f5be35b78a782c55ac5ccdd41acbdef75ad07abc0E53eXXpJ2yf4aXx55tqJo8', 'admin dah', '2021-05-02 08:46:28', NULL, '2021-05-02 00:46:28'),
('E9AJCYsrCCqSYBbpAJQ6paQPa5pefCpkXJdK9iBrlQalqX19wY', 'ketikanmd', 'jhhgjghjg', '085338445958', 'jhgjhghjg', '52.05.00.0000', '52.05.03.0000', '52.05.03.2005', 'lampok brang ene', 'ahmad1510520140@gmail.com', 'jhgj', 'jhjg', 'hjyhjt', 1001, 'E9AJCYsrCCqSYBbpAJQ6paQPa5pefCpkXJdK9iBrlQalqX19wY', 'Zul', '2021-05-02 09:21:37', NULL, '2021-05-02 01:20:04'),
('i8HWGcdJBSvJkIoVFrwXl6IICdeixoCHfnmq69KJ3YUgmOlijw', 'zul', 'zul', '8787', 'jkhjkh', '52.06.00.0000', '52.06.04.0000', '52.06.04.2005', 'jhghjg', 'ahmad1510520140@gmail.com', 'jhghjg', 'jhghjg', 'jhghjg', 4, 'sBsGzyphddj5owObX82lUlKoF7VPbYUsY6lfUq6qqoPOmVvHZIHRPS8zR3FAKHX2HA4BTVKUjLW8GzYNFshoZ1M6y52qL4Yz42Rx', 'admin dah', '2021-05-02 09:37:23', NULL, '2021-05-02 01:37:23');

-- --------------------------------------------------------

--
-- Struktur dari tabel `pemberi`
--

CREATE TABLE `pemberi` (
  `id_pemberi` int NOT NULL,
  `nama_pemberi` varchar(255) CHARACTER SET latin1 COLLATE latin1_swedish_ci NOT NULL,
  `nama` varchar(255) DEFAULT NULL,
  `keterangan_pemberi` text CHARACTER SET latin1 COLLATE latin1_swedish_ci,
  `tgl_pemberi` date DEFAULT NULL
) ENGINE=InnoDB DEFAULT CHARSET=latin1;

--
-- Dumping data untuk tabel `pemberi`
--

INSERT INTO `pemberi` (`id_pemberi`, `nama_pemberi`, `nama`, `keterangan_pemberi`, `tgl_pemberi`) VALUES
(12, 'PT. Jaya Kartha Solusindo', '-', '', NULL);

-- --------------------------------------------------------

--
-- Struktur dari tabel `penerima`
--

CREATE TABLE `penerima` (
  `id_penerima` int NOT NULL,
  `nama_penerima` varchar(255) CHARACTER SET latin1 COLLATE latin1_swedish_ci NOT NULL,
  `atas_nama` varchar(100) NOT NULL,
  `alamat` varchar(255) DEFAULT NULL,
  `keterangan_penerima` text CHARACTER SET latin1 COLLATE latin1_swedish_ci NOT NULL,
  `tgl_penerima` date DEFAULT NULL
) ENGINE=InnoDB DEFAULT CHARSET=latin1;

--
-- Dumping data untuk tabel `penerima`
--

INSERT INTO `penerima` (`id_penerima`, `nama_penerima`, `atas_nama`, `alamat`, `keterangan_penerima`, `tgl_penerima`) VALUES
(36, 'NASA Net', '-', 'Sukaraja Lombok Timur', 'Instalasi dan Aktivasi ', '2021-04-24'),
(37, 'NIYAZ Net', '-', 'Aikmel LombokTimur', '', '2021-04-01'),
(38, 'TDC', '', 'Gili Trawangan', '', NULL),
(39, 'Gili Eco', '', 'Gili Trawangan', '', NULL),
(40, 'Kominfo', 'Randi', 'Selong Lombok Timur', 'Instalasi dan Aktivasi ', '2021-04-17');

-- --------------------------------------------------------

--
-- Struktur dari tabel `user`
--

CREATE TABLE `user` (
  `id_user` varchar(200) NOT NULL,
  `username` varchar(255) NOT NULL,
  `nama` varchar(100) NOT NULL,
  `password` varchar(255) NOT NULL,
  `status` enum('Admin','Operator','Korlap') CHARACTER SET latin1 COLLATE latin1_swedish_ci NOT NULL
) ENGINE=InnoDB DEFAULT CHARSET=latin1;

--
-- Dumping data untuk tabel `user`
--

INSERT INTO `user` (`id_user`, `username`, `nama`, `password`, `status`) VALUES
('1', 'admin', 'admin dah', '$2y$10$eT8XUECo9UyKWpa5nN6Eoub91ehI8ApBizmliUJaaGtX4E9zRxmiy', 'Admin'),
('9', 'ahmad', 'Ahmad saja', '$2y$10$tuEGmWpbhEnspWjFBOjZ8esE7UTpmZDJa6mnEvD.tGkHWudxGIOpq', 'Admin'),
('sBsGzyphddj5owObX82lUlKoF7VPbYUsY6lfUq6qqoPOmVvHZIHRPS8zR3FAKHX2HA4BTVKUjLW8GzYNFshoZ1M6y52qL4Yz42Rx', 'zul', 'Zul', '$2y$10$JC4L7gWpbBNA305sCP2g6.OQ1Y5YAv77HR1WEc0u8g188xIyNQZ.2', 'Korlap'),
('VFnCcbzI3u1nM8YUYUM7ziEPAiviFGCWNCVveXBCnWf5ExSLQdCiMFsCARROR27UwknccjNCibtrkpgsDXbLMGUria1hTVgvlQSV', 'ada', 'ada', '$2y$10$9JxGR4KOBQkiCkMrJKh4U.Ba6h/81hG4eL3yIHkxrdy9nVuzWFNA2', 'Korlap');

-- --------------------------------------------------------

--
-- Struktur dari tabel `wilayah`
--

CREATE TABLE `wilayah` (
  `id_wilayah` int NOT NULL,
  `nama_wilayah` varchar(100) NOT NULL
) ENGINE=InnoDB DEFAULT CHARSET=utf8mb4 COLLATE=utf8mb4_0900_ai_ci;

--
-- Dumping data untuk tabel `wilayah`
--

INSERT INTO `wilayah` (`id_wilayah`, `nama_wilayah`) VALUES
(2, 'trawangan'),
(3, 'MATARAM');

--
-- Indexes for dumped tables
--

--
-- Indeks untuk tabel `barang`
--
ALTER TABLE `barang`
  ADD PRIMARY KEY (`id_barang`);

--
-- Indeks untuk tabel `barang_keluar`
--
ALTER TABLE `barang_keluar`
  ADD PRIMARY KEY (`id_barang_keluar`),
  ADD KEY `id_bantuan_masuk` (`id_barang`),
  ADD KEY `id_posko` (`id_penerima`);

--
-- Indeks untuk tabel `barang_masuk`
--
ALTER TABLE `barang_masuk`
  ADD PRIMARY KEY (`id_barang_masuk`),
  ADD KEY `id_donatur` (`id_pemberi`),
  ADD KEY `id_jenis_bantuan` (`id_barang`);

--
-- Indeks untuk tabel `daerah`
--
ALTER TABLE `daerah`
  ADD PRIMARY KEY (`id`);

--
-- Indeks untuk tabel `infrastruktur`
--
ALTER TABLE `infrastruktur`
  ADD PRIMARY KEY (`id_infrastruktur`);

--
-- Indeks untuk tabel `log`
--
ALTER TABLE `log`
  ADD PRIMARY KEY (`log_id`);

--
-- Indeks untuk tabel `pelanggan`
--
ALTER TABLE `pelanggan`
  ADD PRIMARY KEY (`id_pelanggan`);

--
-- Indeks untuk tabel `pemberi`
--
ALTER TABLE `pemberi`
  ADD PRIMARY KEY (`id_pemberi`);

--
-- Indeks untuk tabel `penerima`
--
ALTER TABLE `penerima`
  ADD PRIMARY KEY (`id_penerima`);

--
-- Indeks untuk tabel `user`
--
ALTER TABLE `user`
  ADD PRIMARY KEY (`id_user`);

--
-- Indeks untuk tabel `wilayah`
--
ALTER TABLE `wilayah`
  ADD PRIMARY KEY (`id_wilayah`);

--
-- AUTO_INCREMENT untuk tabel yang dibuang
--

--
-- AUTO_INCREMENT untuk tabel `barang`
--
ALTER TABLE `barang`
  MODIFY `id_barang` int NOT NULL AUTO_INCREMENT, AUTO_INCREMENT=2076;

--
-- AUTO_INCREMENT untuk tabel `barang_keluar`
--
ALTER TABLE `barang_keluar`
  MODIFY `id_barang_keluar` int NOT NULL AUTO_INCREMENT, AUTO_INCREMENT=28;

--
-- AUTO_INCREMENT untuk tabel `barang_masuk`
--
ALTER TABLE `barang_masuk`
  MODIFY `id_barang_masuk` int NOT NULL AUTO_INCREMENT, AUTO_INCREMENT=227;

--
-- AUTO_INCREMENT untuk tabel `infrastruktur`
--
ALTER TABLE `infrastruktur`
  MODIFY `id_infrastruktur` int NOT NULL AUTO_INCREMENT, AUTO_INCREMENT=9;

--
-- AUTO_INCREMENT untuk tabel `log`
--
ALTER TABLE `log`
  MODIFY `log_id` int NOT NULL AUTO_INCREMENT, AUTO_INCREMENT=192;

--
-- AUTO_INCREMENT untuk tabel `pemberi`
--
ALTER TABLE `pemberi`
  MODIFY `id_pemberi` int NOT NULL AUTO_INCREMENT, AUTO_INCREMENT=19;

--
-- AUTO_INCREMENT untuk tabel `penerima`
--
ALTER TABLE `penerima`
  MODIFY `id_penerima` int NOT NULL AUTO_INCREMENT, AUTO_INCREMENT=43;

--
-- AUTO_INCREMENT untuk tabel `wilayah`
--
ALTER TABLE `wilayah`
  MODIFY `id_wilayah` int NOT NULL AUTO_INCREMENT, AUTO_INCREMENT=5;

--
-- Ketidakleluasaan untuk tabel pelimpahan (Dumped Tables)
--

--
-- Ketidakleluasaan untuk tabel `barang_keluar`
--
ALTER TABLE `barang_keluar`
  ADD CONSTRAINT `barang_keluar_ibfk_4` FOREIGN KEY (`id_penerima`) REFERENCES `penerima` (`id_penerima`) ON DELETE CASCADE ON UPDATE CASCADE,
  ADD CONSTRAINT `barang_keluar_ibfk_5` FOREIGN KEY (`id_barang`) REFERENCES `barang` (`id_barang`) ON DELETE CASCADE ON UPDATE CASCADE;

--
-- Ketidakleluasaan untuk tabel `barang_masuk`
--
ALTER TABLE `barang_masuk`
  ADD CONSTRAINT `barang_masuk_ibfk_3` FOREIGN KEY (`id_barang`) REFERENCES `barang` (`id_barang`) ON DELETE CASCADE ON UPDATE CASCADE,
  ADD CONSTRAINT `barang_masuk_ibfk_4` FOREIGN KEY (`id_pemberi`) REFERENCES `pemberi` (`id_pemberi`) ON DELETE CASCADE ON UPDATE CASCADE;
COMMIT;

/*!40101 SET CHARACTER_SET_CLIENT=@OLD_CHARACTER_SET_CLIENT */;
/*!40101 SET CHARACTER_SET_RESULTS=@OLD_CHARACTER_SET_RESULTS */;
/*!40101 SET COLLATION_CONNECTION=@OLD_COLLATION_CONNECTION */;
